E1,E2,E3,E4,E5,E6,E7,E8,E9,E10,E11,E12,E13,E14,E15,E16,E17,E18,E19,E20,E21,E22,E23,E24,E25,E26,E27,E28,E29
-0.013656526832685216,0.005214695263993573,-0.00551399110479767,-0.018513262135123384,0.006329634823213886,0.001836317097869269,0.010652019034974071,0.007022093831724672,-0.006015659476209196,0.006962283747759918,-0.0162632590297471,0.00871756264931232,0.03798388465548178,0.0033491583696538107,-0.011752438882258964,-0.009741896292865508,-0.005586122067828052,0.033698800274481334,0.0064799351261362464,0.0383712935035816,0.023553441878383194,-0.0065504939047943645,-0.0003410204038086347,0.006546578774340446,0.003865765125941959,0.0076173322270653475,0.04188023901020939,-0.002849464564955361,-0.0022730105172973553
-0.019746079653001004,0.0011610767402872382,-0.004272259906053902,-0.007741343699070117,-0.013737988536260966,-0.000749528472699895,0.009507685568651138,-0.0005385643786281997,-0.010532807698337279,-0.0003902770200474974,-0.00029052803859634354,-0.004591533464462143,0.030509167555748114,-0.0004256014328189772,0.003519901969209016,-0.001826381510998799,0.010914744280347655,0.03392853295528337,0.004079483281669386,0.035534917021305845,0.014436273598512702,-0.005338805411152573,-0.0010383146136398902,0.0039215904144634444,-0.0054986900178715875,0.005045671227294581,0.036973343350933045,0.00021961799057333413,0.0018715659049524194
0.007980613186859898,0.00862682121848877,0.001583383924548822,-0.012368482718206904,-0.007848457516812323,-0.00227751325319516,0.021671425748381632,-0.0009109704714438401,-0.004241101770562628,-0.003343719243064197,-0.005317837157732031,-0.0018352826246261203,0.039620114990443184,-0.010218785863734453,0.002514465865803716,0.011447868752399228,-0.0022375929295958574,0.02714599242816105,-0.00502010480501843,0.04021813161532183,-0.005843007382913186,-0.015871337619216812,-0.040108665348140414,0.0076732021281437825,-0.006095653112342632,-0.0017928900519515734,0.054154031880568096,-0.006363004216845041,0.01080539733690842
0.005964626369665015,-0.005488756118307395,0.006851114958903097,0.0011300633938096747,-0.008401427129516107,0.0038278151298510817,0.011737860691342828,0.002055187246753374,-0.013572659148874785,-0.0012032386281641484,0.0031792845222196908,-0.007241230258003748,0.027648877967453363,-0.0012088697657678502,-0.0070570353345055705,0.0008258249025365127,0.012212584912235801,0.02573411167625458,0.018047884434976603,0.02807524859700492,0.0010820719433164477,-0.0001345649907189829,-0.01964973057427471,-0.004613800722621877,0.006658464859506282,-0.001447538147565339,0.0418203615006289,0.003799608015237625,-0.00018589972868622443
-0.0056239094613714955,0.00020950610328510628,-0.00709677907985161,-0.01462080953502762,-0.013205673865855505,0.002015656199329873,0.015369714509223944,0.0022122688558636307,-0.00905224191215709,-0.005706147391588835,6.28965776816381e-05,-0.005441338152675331,0.04794125689493378,-0.0060725375258938105,-0.007820249659148279,-0.008322236120377954,0.005292627337902872,0.04379960373442504,0.008508005600011264,0.05134701765961905,0.0036646495258279093,0.007422119928650514,0.00772865554060238,-0.007688715050963428,0.007992856698273695,-0.0026929426990219547,0.05670996961845631,0.012868008859249692,-0.004290636913507054
-0.0018858442987721156,0.002645724448686312,0.0009950928192885079,0.001031938620784898,-0.007352487273771377,-0.007988599538937146,0.0007078039012144671,0.002459005928767481,-0.016425847740925478,-0.003489293167734392,0.0055719724383915415,-0.005341177123660106,0.03898630059921435,0.007860431115393737,-0.013014272238273419,-0.00039399007146380887,-0.011127828121454861,0.03754359419172987,0.0021050084837447203,0.04239115840937145,0.02302710773170731,0.004423823784203605,0.011479164523165858,-0.004466571588786982,-0.01510279098876565,0.014996710583081085,0.03931181559425429,0.00917724664935743,-0.0035013916137699905
-0.01601461235637003,0.012122846172166099,0.00016498514826023466,-0.005787049365223169,0.0049631247472237796,-0.008134445881180133,0.010629416608750301,0.002794840858005408,-0.0015089427714928018,-0.00654903333230254,-0.003062427247865451,0.0019393098504510192,0.02618981503442048,0.008686786229056546,0.005107197303471272,-0.011715684117286327,-0.004696994661815411,0.04333655129257767,0.0006182067613003848,0.04394070782001342,-0.009009199239467892,0.0007192069804817469,-0.02506821636032754,0.0015536417419371798,-0.005167803933945948,0.01213347363241989,0.04825450712629167,0.01296148847114868,0.0010964481761876854
0.004506498812432023,0.008650582102549348,-0.0159895215727817,-0.009032768315030216,-0.00303390452063165,0.00034741370725820434,0.021357696839425323,-0.011907517950115062,-0.006897296931475037,-0.001972772492099108,-0.0005014940043613924,-0.0017680377109614547,0.038153550949054774,0.006895799993612804,-0.005660376371189528,0.0072080086473173335,0.003105248753662145,0.026463078763555394,-0.0018560756321013856,0.03518418778726429,-0.004780723226878636,0.003103502648160955,-0.019535852265365607,-0.00012207409973001744,0.004480157136686575,0.0037658583035881507,0.04042101709389275,-0.001754074891451685,0.007581148935987035
-0.003377697910020981,0.0008406567267756008,-0.006931544194270079,-0.005749602750235938,-0.010670897005980938,0.0046591291804056,0.0211956882465197,-0.0006049005680969987,-0.00403106826436132,0.0012725794980254057,-0.0036144372771796545,0.008638535073648776,0.04076700254251135,0.004345998918996679,-0.000685711052169096,0.0010860420287119137,-0.010460800140377764,0.03229462762167147,-0.005597579468032408,0.044283583125629175,0.006933942750691496,0.001213826732721119,-0.007678985109413003,-0.006881933620044769,-0.013392699195981368,-0.0007866903999207128,0.037828919120725134,0.0006085270239165854,-0.003976144596816722
-0.008423041910703382,0.017431052231423584,0.005917699423342588,-0.012213651535640238,0.0016288158044982205,-0.012415547580376817,0.008233928802481739,0.0143449533718562,-0.016043466724831663,0.006166480813607844,-0.0026893911191601468,0.007410900762982112,0.052851172879170356,-0.005510580154259974,0.0036901918654475203,0.006381290716763682,-0.01977550088387891,0.04685763309755707,-0.0052548652664241805,0.054005165024312504,-0.01830104824189364,0.003279940874282591,-0.02826464145202212,0.005700089356797031,-0.008154235948497426,0.011780970084217666,0.05895672477671958,0.008853179588855252,-0.009175539749341275
0.0044873437551998935,-0.021506025692510776,-0.01094099169671513,-0.011919078233268661,0.005029444742455352,-0.0129255306021873,0.012468677142465433,0.008290801218374628,-0.020440745333635015,-0.0061964856190978084,0.012845487021349484,0.008313535453526165,0.04562381170035941,0.00028533968417549367,-0.004877273773085819,0.011396794299527129,0.0031005474913177655,0.03986974973289695,0.014183217515033156,0.04385179888094187,0.016959144632770345,-0.004169119789747146,0.0030490654170432447,0.0005663037898261534,0.005967395076366314,0.014757126074263873,0.05159299071244802,0.0029129855098393247,0.011605634038129262
0.005252620731461732,-0.0007373284146482199,-0.013024442314457794,-0.006128492569683794,0.006976513420652586,-0.00324821379374847,0.012867185464127963,0.00027291277076372,-0.013099754632978798,0.0014885312651525082,-0.0010085694006610887,-0.014347740220270267,0.03554562163599918,0.008042855498622208,0.002040098494406748,-0.004912813679458992,-0.018787956931287726,0.029706788237720074,0.0010507160299128846,0.030072038028198522,0.0016699649010743236,0.01370738799527656,-0.024583132926279845,-3.1291816403407854e-06,0.0023319294500327823,0.01623172155660134,0.054040367621782465,0.00033045401080181305,-0.0030988109268830955
-0.005852839243061874,0.008181544101992845,-0.0007349594306467064,-0.009325708639627167,0.0032871787106112395,-0.0009882297533158758,0.007687178360369191,-0.01194059939175745,-0.007436446966960861,-0.0028053081327270375,-0.008002947532951811,-0.013869222748805709,0.03498259714051139,0.002851333679817848,-0.003538910062052361,-0.0025973254214929553,0.014461898235350849,0.027262506212608995,0.0022178726654930748,0.04237032258021768,0.00990470191820373,0.00871459742914533,-0.02803095475416909,0.0016217143451946765,0.0025174463646949028,0.007424398854267611,0.049977894281271744,-0.010213524361301745,0.0002491333764750938
0.005972832353584861,0.004510955163123096,0.0021723331220549133,-0.012246831415123284,0.0005384634781102737,0.003566053681435032,0.014694285310551277,0.0005201201353033057,-0.01426459879975794,0.004990162878139287,0.008407692045282581,0.01372314711892318,0.04576198199036492,-0.007364296358149824,0.00771127033325508,0.005839663227460202,-0.0011602191320236777,0.015227872994234903,0.0029498155651577936,0.039800683847013754,0.00455874010366935,-0.0019827979412762138,-0.024234531441645273,0.011565473511070273,0.000445345732283885,0.0009160160204268162,0.049165785177028805,0.0023172987789341413,9.259331585526811e-05
0.012480989075493028,-0.0037056024287574,0.0067745871658141535,-0.00834093891322863,0.005413544087555384,-0.008442857223982412,0.008567328687750517,0.00104197143020192,-0.006604813349827943,0.011735362336981305,0.0018696678930232862,-0.0017721998218941527,0.039840156803977636,0.005744775189678345,-0.0008214042159127241,-0.006108944224082274,0.007274019821315345,0.03209659604821702,0.0034204647689368736,0.04685180794583067,-0.0014479021913170903,0.0021119923467108944,-0.03405539346993762,0.00955051086132064,0.011630983102207827,0.011588369552835006,0.041093015488380756,-0.001412847129353478,0.0008081217487029552
-0.005681388601053512,0.008108997891358992,0.0026880831525948634,-0.011021768597648859,0.002070610220427782,-0.0035854334884915474,0.011732827351402447,-0.004848480809526918,-0.013885578981868034,-0.0071217293238316675,0.008404654360092495,0.0016783826874624216,0.03770885988115269,-0.006356979586347198,0.011449683450972628,0.004867536352038568,0.0009563997534012133,0.04323050145859261,0.007302144711534352,0.04172193281323319,-0.020879821451245797,-0.004097729557520558,-0.018854583207533693,0.015946443662365698,0.0008142398466871091,0.009319952673425646,0.049204432854979545,0.004143863893684739,-0.004592598577520225
0.0051663212453441285,0.01827927417642028,-0.007257026334644541,0.0030794270296234548,0.012318031092489934,-0.002396994506029513,0.0030647265571716203,-0.005034159581678168,-0.017224154916515626,0.00728197525791238,-0.0014149376920708384,0.0005803607371674154,0.045663346477301185,-0.005926743992000658,0.00013573205309885442,-0.0017462270747970203,-0.005423378654123905,0.044729149963109734,0.011405861141078532,0.04226673184077026,0.00550375162077591,-0.009714835604975491,-0.0003151863709775215,-0.007578510571993147,-0.0004316193548235475,0.010553976092581638,0.050717497301431,-0.006868651962378334,-0.016173765093501675
0.00810658799898685,-2.425935466287153e-05,-0.00015940807338120843,-0.009563178463620725,-0.0019368089993355908,0.009114327707295405,0.012762967209978325,0.011776582995388,-0.021535646109262375,0.005974030247903095,0.0012087329066069056,0.007323910722089525,0.04403347385674156,-0.0010108959349249065,-0.00434835729379476,-0.0038125359130798016,0.006054954554318456,0.040866470296170306,0.013687226009420607,0.054675046322306076,0.005636566552586925,0.0047280620807686555,-0.00640086754510419,0.013303394882615897,0.012783383629870295,0.00434276659268765,0.05072232728012447,0.00284936980178552,0.0008934098688181196
0.0008669379231485435,0.005069559228376245,-0.020263799879732865,-0.006644725148090018,0.000748453111611982,-0.0139866510065558,0.030549895377892728,-0.008193358814496957,-0.004898022828556747,-0.003448820355851894,6.586220152302744e-06,0.006409916729696104,0.04998275769442576,-0.014752178845051518,0.004601778789243964,0.015971246235572743,-0.0026371051073406275,0.030364100878896558,-0.008428051424119863,0.056564826932052364,-0.017378951189008115,-0.009971487227770815,-0.027125627159759972,-0.003087472736962101,-0.0011144153369432017,0.015435548203999816,0.05610266666261468,-0.003904249429202664,-0.002679943535976243
0.0009128109832698632,-0.001059231213899583,-0.011638600349456863,0.0007538997345513393,-0.011642964740358685,0.004920283877881125,0.008957029622400126,0.0015306575256287917,-0.004627551944108529,0.007036694036007736,-0.004581915811035904,0.004702011215877862,0.038899864727970634,-0.011344479130160061,0.004568223086987717,0.010161945898485205,-0.004993946982089457,0.026093317811186376,0.007160638906882374,0.03972602631498702,0.030248942532572102,-0.0022729613742640134,0.0005293498517169071,-0.004923696254147052,-0.0005568908013936616,0.010425443062387268,0.04142341602710331,0.006744017143300968,-0.003914328959704733
-0.008333815558379733,0.0012688156776143318,0.004673715144807274,-0.015093652641383251,-0.005729809756776267,0.0038495473218566377,0.004320916141823668,0.007170748230009755,8.211240540749475e-07,0.004539880053997656,-0.00810933835950333,0.0014750476832384504,0.03136744788339169,-0.0072250306918639476,-0.008346238986968537,0.004379720681151016,0.007992886161766844,0.020813646782577747,-0.0030818538539792197,0.03646220450691376,0.0023464678679723417,-0.002362317600994046,-0.01979328970970297,0.0035126360352809604,-0.009764563529125237,0.0036327434730213815,0.050829437324448265,-0.0059273386464832045,-0.00041250647996453755
0.004030278512633256,-0.004428112617328221,0.004376032885411842,-0.009189249956869124,-0.010327213341736976,-0.0013303604844492123,0.013674538762626505,0.0074060591808434145,0.0006671072701784949,0.011803878593298447,-0.00483927191589067,0.008064034519242777,0.03481360833381924,-0.0038817775770986613,-0.011322401596217264,-0.003357601571345487,0.007506735987716837,0.034433014453928976,-0.003426301083278658,0.040236790497934626,0.016672787789856622,0.005465336687661083,-0.0014572915847700322,0.0018700342088931682,-0.002483554513925962,-0.005930001448318466,0.04093752257903325,0.002895939965413715,0.01200007426125779
-0.0018260462262007352,-0.010630664588774473,-0.0031885928496983777,-0.010902409947755706,0.011105167051680014,0.009138726803479566,0.015486615578198788,0.007135023224813702,-0.01172533814681666,0.009914033003282374,0.004751800186603744,0.007808851590675416,0.038969751171649455,0.005365623555708299,0.001566147512894168,-0.005246888597609702,0.0034491155533284902,0.04472125452614504,0.010760978137987896,0.044067530361495126,0.017706162191796663,-0.013819126444738546,-0.005093305907072241,0.005327442615995372,-0.009552295843844361,0.00247256301167028,0.04525517001910618,-0.004242541337001899,0.0010113312716617682
-0.003570162115529683,0.004275859826117366,-0.007698813966085494,-0.003691391555675692,-0.0037933630584718655,2.2326371505330953e-05,0.01664934269727495,-0.006962987515801224,0.0007287119669737935,0.0014099539584338401,-0.0034237636394058254,-0.005336716790021854,0.04660340640542564,0.0028600837941225835,-0.015547552121385918,-0.01114063694928111,0.0005038241609033055,0.04071278394083457,0.005645834406957908,0.05132320890195243,0.014803800663282064,0.006693753578714865,-0.013102149999183762,-0.0071208654678661665,0.0024902264764273493,0.011592911976554252,0.06762669693219325,0.005088496608602957,-0.0016613869456651442
-0.0043212557296323645,-0.018371429167138513,-0.00038784589221961335,-0.011475940579743334,-0.0010848084982474056,0.0006068996438853255,0.0024407949737995887,-0.0009083420035829961,-0.008261638245828434,-0.0011617229207368837,-0.0020751688757965885,-0.003646078370031494,0.030768694598767063,-0.013408402434176925,0.0005078287121397162,0.00033003053459643297,-0.0007327607129125478,0.03946354013196288,0.005097721123529797,0.041097186633773944,0.016222055696121708,0.007724304998973657,-0.03166933410858581,-0.0057383756599106795,-0.009650557416954494,0.004289307325405976,0.04686560202734763,0.003758932440429852,-0.01168121592604965
-0.011027810239065473,0.001382551953158405,-0.01304721438145629,-0.011697830769482909,-0.00311102558767135,0.006627476312592148,0.005401577020725517,-0.0010624495712563342,-0.01668757835039844,0.007927007169693356,0.004849977900818502,0.01607998722739806,0.04277436130849672,-0.010193578359336668,0.007960771374765488,0.003773029296637888,-0.00017714821298839113,0.02894863247121433,-0.01964512826030922,0.04875150353226065,0.0007516741171581437,0.010798157881624276,-0.03673175375317823,-0.00415454314500292,-0.005435544644597951,-0.002032784615312422,0.05505012358489797,7.544826649413756e-05,-0.0031277168961910224
0.014514892626934051,0.0018993268497404024,-0.015901214374756056,-0.0099432819960603,-0.0016072632245665637,-0.0006112329079607517,0.010472287422683562,0.00037021936941397107,-0.01265618479412887,-0.0015579954483316458,-0.0005948310816773382,0.011366289601764315,0.03616780542797689,0.005144154983369939,-0.005237235531649322,-0.01942812396774643,0.003089224674290339,0.03241793993836979,0.009565395606159818,0.03222607933485522,-0.006808031429172465,0.0024033151566125958,-0.018436590125203208,-0.0030948034999508296,0.004561697580577903,0.004332548448743753,0.04216163838766763,-0.006018201469257891,0.0069035473601008505
-0.009571809963717828,-0.0021278704558448315,0.002052835333619778,-0.0016003859579058627,0.006429179452630409,-0.0014043439950183337,0.007497933017880837,-0.014218690225750645,-0.01673424427043946,0.008439833329396294,0.0025054957278426507,-0.004877894390963255,0.050724484557059434,0.000558879700437897,0.007621187902782104,-0.01660302002624556,-0.012838565165537814,0.036329230117637556,0.00888364387401458,0.04955607861722585,0.02156893959724762,0.0008710808685898672,-0.019945977320788958,0.009798729288103864,0.02000784542979598,0.0015841621002793192,0.04744067794949417,-0.0036942501567321187,-0.011667221230843652
-0.004482778180878449,-0.00716080209869309,0.0005876283116733513,-0.014307706139332315,-0.0003637688179805813,-0.003000447143316247,0.011110191266606817,0.006364004784613202,0.001560505653088771,-0.008655001822588623,-0.0026517872998301053,0.003954688889877257,0.04557573865531028,0.0017143854218265606,-0.005171627760521194,-0.0013662189882541048,0.0009440788653526747,0.02911421293879504,0.0027331314817098554,0.04779730010273703,0.004700874786144432,-0.009891118318121938,-0.008622494934801104,0.0021393544548113886,-0.006255184497393918,0.02301809849094903,0.05015449808817908,0.002418582039525995,-0.0028468643935175074
-0.002022916158809436,0.0052252997053906505,-0.008258907664384281,0.005490053105115117,-0.0012471543132388805,0.012281944764156344,0.021206257877642423,-0.014426237773424146,-0.022822416742718954,-0.0010869634368490839,0.0005742740424672851,-0.012323457194450972,0.04462029539317773,-0.014678838223591275,0.01126382168182521,0.003104479986323373,-0.003739808384990981,0.031454828831215274,0.0068385193651413125,0.0477698727475559,-0.004896233187117732,-0.004600435676320295,-0.026132810127623123,-0.0024818326962624524,0.006880589599476446,0.004277811949258797,0.0412294645691895,0.01820526349035581,0.000835260647538338
-0.0033660290727035016,-0.002172597510649939,-0.0010653324540571526,-0.013393313318392613,-0.012141901477861237,0.0027969176802472356,0.023953545258647336,-0.017652520351838643,-0.006059683035656756,0.005682809303810064,-0.0031582768906166054,-0.01214079585558,0.04474396523966478,0.008151473514734909,-8.16329523612762e-05,-0.020575291838451797,0.01822601044043995,0.04480685362657154,-0.010972656033275945,0.055653146628154945,0.010998712813499957,-0.003101053796811195,-0.004656166587923322,-0.01615699626533182,0.006453986630907927,0.01409594365590592,0.05007923473272613,0.015121489800728114,0.011159671310513186
-0.0029613507526953116,0.016372897272865443,-0.004966726656667464,-0.003223137349341409,0.0010329920965737366,0.014710295119647538,0.0023935041805783416,0.005908497243263823,-0.008972006912954677,-0.006941413607202007,-0.007322854156992647,-0.006012524858101666,0.029178381038374356,-0.018939474914470067,0.0013175692445200448,-0.005436823584094181,0.0021175386532305486,0.03446967276579715,-0.011026488694231918,0.03132658763101719,-0.0019143490141087073,0.010160305267468216,-0.014722086524927482,0.0034088736510678144,0.0026937423220910477,0.012189996081837245,0.04420818336920793,-0.007649462452945484,-0.0037790274082477363
0.0021474758292413638,-0.009610100101269912,-0.005054547438434109,-0.014593048099867204,-0.007909880856145796,0.014335322573815057,0.010321300684602228,0.002330799047352149,-0.006999927304118973,-0.00792339822214251,0.006605881475738164,-0.008388116500372942,0.04212670591899853,0.008581116674018915,-0.014470108296118925,-0.00573617716531403,-0.008798966406646416,0.022087695482182024,-0.0033636478035901853,0.03303057334662473,0.007589500672927224,-0.004697053959082301,-0.032764791752952216,-0.004642389296776023,-0.00028330888191558035,0.0014972451607481144,0.04109239426365288,0.01505196023153131,0.010000023110418817
0.0072365976452010445,-0.006949492366928759,-0.004099595978206671,-0.0021559866867976933,0.005078565201975672,-0.004738572928848842,0.014158112105279277,0.0004875890403993357,0.000870954755061107,0.00046640842714522996,-0.005275847295762841,0.005056165261445183,0.041216446368595124,0.008867437813339695,0.013322114190526946,-0.003754328640994096,0.0017261371052864592,0.022612809280867462,0.005777905989568307,0.04654988068668757,0.006322948099644142,-0.004026542281756886,-0.029683914537627427,-0.01019683841846128,-0.006192391255967841,0.008130221911353928,0.04802958992179606,0.009396434504604275,-0.002453105304606157
0.005229337166435019,-8.249798398061826e-05,-0.002337438432442458,-0.006081439948563715,-0.01632739902732725,-3.2340970956746644e-05,0.00019771517442323714,0.0035433462906912074,-0.012169347673261303,-0.0015445511667195283,-0.006092954036414636,0.0033023060222542974,0.03367892944765056,0.0016088240580881003,-0.004825612845690174,0.0013107496125607022,-0.0008674409095149585,0.03247069847550009,-0.005934586729423488,0.042691985483552713,0.006192107932050738,0.0031579146227386765,-0.012938659426657525,-0.001277567273725551,-0.011318993155661525,-0.004036407409525524,0.039596090235569634,0.0029030036765588427,0.0031204103406516064
0.006425752307881789,0.006130344608411563,-0.002454558023535549,0.012638869745800706,0.0018163407888709547,0.002408344678488115,0.014765974580363044,-0.0018543302048743679,-0.01476985776567716,-0.007510467363496367,0.003708199444564029,0.0026940243655122183,0.05713967919805573,-0.003443986238947231,-0.002268564293767059,-0.005566878149020278,0.007555533913721463,0.04210367125981368,0.016593722389403952,0.05117259879617808,0.012050311869030734,0.012993741225973012,-0.0019592157304318086,-0.008108314311576527,0.008095009952058807,0.015035372172937938,0.04416544406442929,0.003401593992903379,-0.00022649279678070886
-0.005454145516050162,0.0023817574865101793,-0.003144990433554246,-0.015153035722880629,0.003580576171306471,0.007273149917254522,0.010797601155712443,-0.004894903138487662,-0.011927665570767229,0.0008870600048292407,-0.0008143927822404701,0.004932821654433144,0.04142761698925288,0.0008580762052005253,-0.0001818324409873157,0.011401096922728763,0.004880265806484724,0.03058625565817933,0.005025194176651337,0.03989266473432996,0.0026064905135854063,0.0013690700268348065,-0.005623900479639322,-0.0010014711079740122,0.01601651605922162,0.0074925286343848286,0.04937174835616315,0.017768000098428112,0.009637328172357582
0.008410727659261747,0.00036086477259433076,-0.007855220425008328,0.0010660037034237238,0.002381979921118055,0.010434864609535915,0.009024565857832146,-0.0007732804875619238,-0.004486189677725781,0.002667173223980902,-0.0015340594711859528,-0.002604431202687306,0.053137756105836896,0.0038561948703437223,-0.010267598066525115,-0.006713597802790204,-0.0046412472418148835,0.03675507759711171,0.009570716617679186,0.03632642930149094,0.014620377926717163,-0.0008677291154923545,0.008031217739321592,0.00729109262449865,0.0038722633313257675,0.01797272816467207,0.04601361005342166,0.0032527228154389,0.006516716400993468
0.006407056863746979,0.008998974047781673,-0.004394554708171816,-0.007573746856525389,-0.0014960453022317794,-0.0002838313889082451,0.012635844058530707,0.005177309862207997,-0.00907757238592694,-0.0006696616624922474,0.009810770458994676,0.014187055082496663,0.03533434627155355,-0.0026870214145900085,-0.008795735267553263,-0.005907082045741077,-0.006008976918647678,0.03050060208748498,-0.006859904386191562,0.035824060870553676,0.00995972205389386,0.004698989524665233,-0.009638876644955505,0.00872393948064701,0.0031774601750604588,0.007677633025254549,0.03987360309221958,0.013428868218551104,0.0049675760544271195
-0.008724405059176949,-0.0010664448006343042,0.0018746816977289844,-0.006882638472666239,-0.0176092349451479,-0.009421933431187633,0.00928042580825817,0.001108972738733514,-0.02705576282267891,-0.008499402253145298,-0.006159121264216035,0.012028735212415239,0.04264723645916891,-0.00150336984970217,0.0010462282363344394,-0.0003100599147904275,0.001780637808583564,0.04182378252042248,0.012821533910598015,0.04011762000990994,0.008407879626681585,-0.005396311316417448,-0.018496609159134442,0.0017907328159357902,0.0030225331178164536,0.015038315316336861,0.04304829833556443,0.0051668341225391875,0.011743904849613105
0.008289633396103786,0.01149714679062036,-0.008909508142954428,-0.003979786227755875,-0.007580724832376981,-0.0007559018714328002,0.006920952857454031,-0.0015380254229832983,-0.007736463879033439,0.002676530629320921,-0.010810671149183713,0.0026033988644264924,0.03952330839529648,-0.002674831626669072,-0.004901569808533969,-0.0013513122096516076,0.001514145675327464,0.03191532762080919,0.006192170891770606,0.027402245409857834,0.006510547235943546,0.004439812757971618,-0.00403819507881788,0.003969139072310792,-0.011459597736897878,0.0074222251808954386,0.03722615790753337,-0.002147271631631769,0.009361772881582974
0.005916127356772917,0.0017135851232208798,-0.007499533946509633,-0.005779072384353282,-0.01570946915772072,-0.009805224022586564,0.004978369612046194,-0.0013481190522124863,-0.014976506865163499,-0.006961720632227629,-0.004533202818602993,-0.004524773027274882,0.0393401233360747,-0.012224403763356508,-0.007454534288731421,0.0025910635420716226,-0.002316842066971521,0.03079711959489168,-0.004677690143364576,0.05445240591956509,0.009333572125091212,0.004608962393422997,-0.01893288229204405,0.015859361985074594,-0.004782132738779437,0.004008097370220383,0.05059548504525522,-0.009905156562338424,0.007356829909281005
-0.0021854170626399144,0.00905473666430272,0.0005763508183245285,-0.0008512831525852675,-0.00419187114894823,0.0006815369444860051,-0.002206936403887811,-0.0046766006028939044,-0.0012069882722553517,0.004442784056056738,-0.006535128683186293,-0.007297821802167865,0.04510609451382414,0.0025495750178169264,-0.006752241919886264,0.0015403474156690474,-0.008358540866874467,0.028908175781447415,-0.0014505796318634969,0.039637016147808006,0.008164122900975101,-0.008738313824280794,-0.027425594244080677,-0.003926860417455573,0.001042876121661338,0.00333109752659176,0.04946641031980595,0.0030371818086142237,0.007736444437040917
-0.0065502011531583,0.002293787661701651,-0.008193536082712371,-0.008564156667695413,-0.013721730053828301,0.0042280051779385736,0.008260393005464373,-0.004609099039960304,-0.0077012024774893795,0.00943992483284564,-0.0010352238352179164,-0.0016015653140131164,0.034740050653671146,-0.002762257941003091,0.0009561481867953058,0.00817600895990447,-0.002744010551254283,0.035758812460691645,0.004494983559284274,0.04239180720426762,0.004723417331856526,0.00037692288589248873,-0.00033861241482240745,0.012350446209057913,0.0024617150924348525,0.0023633899646843116,0.04658044551834701,0.005011123535483865,0.014417556801842105
0.014656200085914664,0.007342718747900097,-0.007347371420106644,-0.007147891237177847,0.00423342774976434,0.006135619507336015,0.014474425514133114,0.00543260030130209,0.0009374926899937733,-0.0046443492872299584,-0.006808555588039596,0.004978523922771461,0.032505478179002116,0.0026720275908675615,0.008994547955300797,0.015326418575721713,0.004028986427288349,0.032888683981895685,0.006355207877534421,0.03163834860375795,0.02147334717186046,-0.0006755275276938688,-0.02427793863669448,0.007894656243143065,0.0003175888965269361,0.018522063934295785,0.04262984559768919,0.0044219371923826046,-5.72796666586247e-05
0.0047026636972272795,-0.007477454973722086,0.003921037279727233,-0.00602187178878609,-0.00519242670368684,0.017603991253239026,0.007621811139575918,-0.0018959459502935552,-0.010791256083877758,-0.012036439541235643,0.0070658753636311245,0.009284017744144973,0.03249485016686098,0.0002750315400406236,0.0023377254338999847,0.006018650507304744,0.0034934579520231645,0.03559640191984294,-0.0036735822336818034,0.03667742646768449,0.00788441067616169,0.011837281775438038,-0.009391429121304511,-0.0006082541875202387,-0.00038168203749491044,0.007281232712972284,0.043420908160126025,0.005132459423511262,-0.0025865960245193935
-0.0004867282161883899,0.012259802310156253,-0.00953459020157605,-0.010341006841486904,0.009406759166253628,0.0022190058326671354,0.012847708124674433,0.014777245770841045,0.0008882805392744465,0.004530356696311144,0.005258905072748467,-0.013199756161962029,0.05584865667261026,0.0016528951476700625,0.004839534962630299,-0.004350779099303473,0.0027375380630222006,0.03742379329813221,-0.010476608587828203,0.04194103393565701,-0.012039886125852021,0.013215541943111538,-0.027643432077049435,-0.008490620368335242,0.00019263112590577676,0.007359555688947717,0.06273952252363425,0.004039821595624087,-0.003342811163523823
0.0031991566437917845,-0.016397842644335768,-0.011982460187581919,-0.00153262728894998,-0.006292589927347314,-0.0057177972911503115,0.012961600906510943,0.0007069515867751419,-0.00608903165046293,0.00320737215489069,-0.004012061763818807,0.006678723149846374,0.02969026779122417,0.01350735210153616,-0.0022534268244685353,0.003506740272979694,-0.006477942491623997,0.03605404498069096,0.008218547215262488,0.04054315575991808,-0.0029142214562645702,-0.0020109097603896627,-0.010352931929063464,0.00568755500426213,0.006666546674331654,0.002286240124582553,0.044738186820697606,0.0029207615801520033,-0.012665364481470293
0.0034802408950906734,0.010812070432619692,-0.006119465368537249,-0.024433445426153517,0.00492715594030444,-0.0002493210307266627,0.010580471236068657,0.0019091839719317303,-0.006031358519211772,-0.004774532552062962,0.0017072858506787694,-0.005166087841661959,0.02668770894415466,-0.0035528737534761246,0.0008652140201764467,-0.0011744267871881733,0.01159141836138782,0.025717104331414838,-0.0072267643864712535,0.019459114052713753,0.004861528198496288,0.011383368518814017,-0.02147011482550807,0.0005302140422038787,0.00016587445462361292,0.005250861365974481,0.04217234250143817,0.0050868698985701176,0.006645302633642939
0.01161471062487593,-0.0026956761559355355,-0.001026028234502589,-0.009133245100497674,0.00018597893822568272,0.00960978703697377,0.007302275460813894,0.0015365139293410702,-0.007561207320390847,-0.006601035384371294,-0.009358318632837679,-0.010137791389091875,0.04537891143674679,0.006529349699403403,-0.017005469934681283,0.0026544975986156913,0.009820828846701775,0.03382779107776572,-0.004338571348833624,0.04793708219343349,0.011767256948777028,-0.01002261703168617,-0.01256529160315753,-0.015587199320781286,-0.012729995359331303,0.01618312620824222,0.04411415392744026,0.005112280171565678,-0.000978514325915379
0.007604649154560238,-0.0011800261529072169,-0.010094096034628654,-0.0005028226173223248,-0.005747911758745562,0.008506459413842241,0.013999672868548281,-0.0046114432628924515,-0.005524714747678658,0.0003818804619525731,0.001175877675519518,-0.00012855627192423003,0.040164818040181016,0.0011853742087166446,0.014650368740818619,0.0016410774416929716,0.00424482995843576,0.030035519405827483,-0.008243536479832777,0.04732451298758919,0.005189714664183491,0.005841198309938381,-0.007052371609445022,0.0010561897440702762,-0.012984230709152158,0.011530975532950093,0.04757207343076738,-0.005870485490116047,-0.005782377222114902
-0.004786173897648382,0.0062693711650231064,-0.006779642682877657,-0.004505546717469906,0.004167584690946094,-0.002746713539136224,0.00021105024715909832,0.005069128498062884,0.0008049664833018995,-0.008972836231593825,0.0038596256081746827,0.008710638743568696,0.03877749238733494,-0.008657157261283445,-0.008942637450202642,-0.0033648991482009617,-0.005352536638725055,0.04037128534517634,0.0034238523191577794,0.04064890103167914,0.012543154985934932,0.0001494244030340492,0.005539888042360212,-0.012084284355791822,-0.008607356505199663,0.014968535414171032,0.041132388613373705,0.014782112495059108,-0.005084950628526274
-0.004215341027784444,-0.00035998271807247974,0.005950222080486315,-0.009979731763319889,-0.004518886186009373,-0.007512345604364385,-0.0012065948170552681,0.013231747241977539,-0.004540118521400999,0.0033275469212580224,0.010338260828932551,0.0020515470046048234,0.036469106860066526,-0.0016001790607049504,0.00047309423622530285,0.0019254834245328364,-0.0022261136730323833,0.025578282687924742,-0.0009288831321932774,0.03665440841743137,0.0032763374329363368,-0.00707464548718595,-0.009318184743009704,-0.002245277887859224,-0.008041477045363902,0.006562858473172114,0.04289060244099711,0.01218158037657367,-0.0035466416846079768
-0.0027282044363621015,0.0075696395920197635,-0.011543486991519632,-0.007474608230523875,-0.004674309330867699,-0.004434147237995865,0.010233723936754084,0.0021089722209720915,-0.013867680560636543,0.0044125087312151,-0.007714103428203138,-0.003987054056393201,0.04475805804872492,-0.01680588696599548,0.0036787156932413935,-0.008344083180723827,0.01548953365551224,0.03465698789565618,0.004554603603925948,0.047081767106805256,0.02577265897074074,-0.00271011454804182,-0.0010208629667497011,0.006049338669178269,-0.0012616819900909805,0.006249226250489194,0.044499905767429265,0.01651149212148144,-0.005182779476501336
-0.002542674542851567,-0.0038115655937705746,0.0037423443939637166,-0.02226363044588584,0.0062429723570606235,-0.004787912507555999,0.012300325395236506,-0.0052242057894783195,-0.022113795899650828,-0.0008820140004587925,-0.0028017510591982903,-0.006081565136317447,0.03619329692845449,-0.003650800841849854,0.0028169798569992474,-0.0034528888108780586,0.0024342886828108254,0.03443653338201571,-0.0043912738320775555,0.052573643567442555,0.010926013199122835,0.003956109319420613,-0.008953101589715278,0.00462259618551055,0.0023447355158036807,-0.002898697323516275,0.0463008827026663,0.0016364609233189432,-0.004254539926074259
-0.007926565763859196,0.004358878238987058,0.004662548352003924,-0.011728429962970605,-0.004079774744168132,-0.0008673917321986478,0.01614792347020593,0.00022598721517935028,-0.00785901709337853,0.0004580527062343936,-0.004442280450847445,-0.019448006567752512,0.05785453285778343,-0.002101108405608027,-0.004135864893968703,-0.0015548613682257772,-0.009320414752960231,0.048401642077122026,-0.0013964833360131576,0.05571726653838102,0.027280488574645698,-0.007155026305975833,-0.004987981205389031,0.003213723134090707,0.010255181672154452,0.008310442232036612,0.0512517366105228,-0.010137702880895652,-0.000572505658727763
0.0005711941038379294,0.002765812769305665,-0.011216990489811174,-0.008546470146992424,-0.0050990466061098146,0.010560295605806142,0.008982985023280814,-0.012851071652336378,-0.012253852057161691,0.006200507933261404,-0.004740948385156156,0.007947185972892937,0.03852623676712221,-0.0013203824435829292,-0.007940156502106858,-0.0013746660136929813,-0.002480186242984841,0.02849865229389593,0.0099833382170222,0.029372447500703756,-0.00042857119190939266,-0.004848781261742546,-0.024298729434937803,-0.0008652248488764898,0.005928636249830669,0.006096532308200843,0.03848289323137853,0.007902734903943151,-0.003473588089450024
0.0060501036467930855,0.013237008324783403,-0.007113746161499848,-0.006555846488909442,0.006980584856383051,-0.008091557641541274,0.008388556267212419,2.3513825411454955e-05,-0.017924130649268736,0.007577138969954176,0.007774533924873949,-0.005693407369647986,0.0424137990842978,0.005170793942194898,0.000884772195866517,-0.0042680263719568415,-0.0031655787089010772,0.03488545553473454,0.0012731863389967232,0.0460879802773463,0.02023760342185431,0.0007416377100651184,-0.011767686973882925,0.0012335683051995243,0.006494361346463637,0.001596621012125329,0.048768624589538866,0.021436495047176138,0.004209344956895277
-0.0011567449623400127,0.01506108889359904,-0.004757986239372509,-0.010371233462769774,0.0009918934069310878,0.011749183957554666,-0.008316819175835719,0.005946653834296054,-0.010410059201474808,-0.0024123207142088287,-0.006340584634715523,-0.013687091614941709,0.04401247361612697,-0.0038278275139987683,0.010087878778102811,0.005189262226940822,-0.006275194025966389,0.04908606381803837,0.005955021763342984,0.04305937997549503,0.009217090719819673,0.012658892631140572,0.008196912618146437,-0.0064255618210706114,0.0031665966740123115,0.008552198973684599,0.04420162631308896,-0.006213129465435644,-0.004819322379949798
0.005308730636130433,0.0002892038862558094,-0.0034986441181424485,0.005547550973998912,-8.358789634772701e-05,0.006777878401535831,0.019291760970759554,0.0026314001607865437,-0.016565262885444264,0.002681991098790109,0.0067592129601355576,-0.009503682361050618,0.035445964328516356,-0.003680675264755897,0.0068409455970723215,0.0038082314063325115,0.0021918796296212626,0.03428401245308498,-0.0020442472304508207,0.04724548823113642,0.011251150102734071,-0.012482257987040488,-0.01001942178957545,0.0023126577050274566,0.0076666114071862685,-0.005707187073741183,0.04970931601638247,0.007173275438246693,0.0019763383320220928
-0.0012197065979613888,-0.004055427828996888,-0.0024182241468960804,0.015404336885657115,0.00012629993205905368,-0.002388407274465488,0.00799628978875645,0.007018638112767555,-0.0003690927156870467,-0.006161042517558878,0.010174794911860458,0.010770607901051997,0.04546316426142454,0.004082006801820339,-0.008338090694583399,0.002225787825225957,-0.0010811035141191007,0.033924748379365884,0.010349828313245496,0.04306247602659125,-0.005295477484306895,-0.009923853008363839,-0.024217345373998084,0.008647414904524062,-0.008316012163698937,0.0022408405956530156,0.04400411751546902,-0.0014933996635897071,0.01301188929157686
-0.008753875787473058,0.021356757183581716,-0.019692074468540342,-0.007452289717268612,-0.012181743610470247,0.0034757306825312765,0.007021050179435758,0.008087208706421104,0.00485164174167138,0.003927303180162972,-0.001522502981411921,-0.001389692512139032,0.036693452122493975,0.0092424237383886,-0.006587141846653664,0.002767583921013861,0.0023544588064351004,0.030061184458870814,0.0037971778420700163,0.04589709476547079,0.007632358225487836,-0.006842543502141533,-0.007525990063199516,-0.001100974486356211,0.002776781087764195,-0.005312801131291257,0.0447143194605752,-0.0027537863608260438,-0.0031300946103782223
-0.0012663957178405654,0.006538602860524077,-0.013061694149333003,-0.006512014072750856,-0.005195536324554827,-0.0016432605688117467,0.0035587124697222285,0.015524308928811343,-0.004621057666975405,-0.005715029486251738,-0.001436314911111978,0.0034312668085969195,0.04130926880234548,-0.004878918515084442,-0.0013898237308548373,-0.0008698370267639942,-0.006044359230330729,0.030845223405676723,-0.0016226321493174373,0.037129557585270936,0.010077998072891815,0.00016815821475768376,-0.024178492141142566,-0.003234519888608502,0.00048217046331548345,0.003604070990178164,0.059071049857341316,0.008178870183592823,0.0020931249598464133
-0.003872853290607074,-0.007726444762483687,-0.0037091546258255473,0.011208151558251368,0.0005783092299939029,0.012190981380032273,0.008230824080103739,-0.0026049060170246644,-0.005270624329698191,9.789386184737609e-05,-0.008541378829991524,0.005940294931494201,0.04254430846503871,0.0049446869274293506,0.0020656408992059715,0.0025646907985361817,0.009932316334089506,0.029440507388973802,0.0016009103911478345,0.04535332245503839,0.0036765322419533906,0.0012664453849027893,-0.028468093137705635,-0.001456932661864057,0.015441591828536544,0.008826828994232065,0.05209380713101061,0.0058893149273087355,-0.009041647755025514
-0.002930102957026403,0.01054198985324179,-0.014922946882461144,-0.004883118930860768,0.0002795118970858529,0.0023008758443384876,0.005104662347489149,-0.0005887448164057439,-0.005916354905653232,0.009902600589184294,-0.005052723744504513,0.0005024259710444313,0.04226913291541596,0.0011324269279454594,0.003763201367499882,0.002212075961142038,-0.01168313031907159,0.034366556809894665,0.016195823391449198,0.04379446945282263,-0.0008656355658278086,0.0048624305207337765,-0.019260998251607733,-3.309451816962354e-05,0.0014169429332281294,0.0016420709961339761,0.0562659045423743,0.009091430400604266,0.013436537601037433
-0.0009140970300065925,0.00040169803211647373,-0.0020704222443701584,0.0016015307668080694,-0.003998367765677023,0.0003321027667933292,-0.0037472596553458173,-0.013894559847832163,-0.018832751701971278,-0.0010551615603724342,-0.005958063200275189,-0.004916885846504567,0.040190161496696374,0.0002060776361500836,-0.005936449797120148,-0.006505318877763936,0.01577301775625285,0.03757868298745675,-0.0010500489825045329,0.05409287094370484,0.011286863576456856,0.0002126981144632752,-0.01193000305135278,-0.0018194591419359492,0.0019038541804904093,0.010266351257029644,0.056715723677560954,-9.01221065670643e-05,0.009561197103054272
-0.009336701043667415,-0.012665460123231416,-0.011022282023592423,-0.004390971606837216,-0.0031211107754247546,-0.0036914808017342905,0.01661926542190954,0.0013772187850140123,-0.024512791546773896,0.003722304657512449,-0.00022535077806891542,0.0015590909305719155,0.048714275826792386,-0.001152017634347083,-0.0035165603644013725,-0.013039414130753406,-0.00527550266342066,0.027879610297020425,-0.0101297092154557,0.03347491269601399,0.015518560475009274,-0.00465782245142871,-0.019495911011945817,-0.006254037789273591,0.003932246135130971,-0.002987462959145945,0.04760012957353673,0.013783303556671815,-0.006495858521061902
0.0056727776400719325,0.0026473434622983276,-0.00022289454100883065,-0.01027266932174212,-0.011058978519498833,0.0005364258321947057,0.016482069213965462,0.011105747411998745,-0.009465078565521035,-0.0005704092487875974,0.01466788401112983,-0.0016696239265215633,0.03454694151431935,-0.005589878239238769,0.0027206809574867787,-0.005211240539885425,-0.0014511235847389403,0.024092201575802583,0.008726877581652765,0.04034029722649005,0.020659437914735203,0.000591267567801287,-0.0075229298709737595,-0.0012876984325352163,-0.0021236678270475373,0.006028789943168773,0.04226739432184687,-0.0006653000014024779,0.004566851703867188
-0.000281106380603785,-0.009489766123422994,-0.001978937906401506,-0.002847167833059271,0.009323344401983645,-0.010918556784842957,-0.00046313147573688807,0.008401942016099154,-0.0066977410644820014,-0.003518919861619253,-0.001096995314561073,0.008027785038692776,0.03438486388875454,-0.0030899810345587806,-0.005454091727691622,0.00342090219196997,0.009278191250756074,0.031079429250886206,0.0069169599798174575,0.041882950251152753,-0.01789246377436558,-0.014077566815315927,-0.01714526013386388,-0.00964690310035345,0.0003869088467392258,-0.002773219235574791,0.03664228574486498,0.00783275442973825,0.0006984839540325364
0.008395801032854895,0.00566010780881068,0.008933762810099395,-0.0034955218194451408,0.004756132774427308,0.01201543149359686,0.017644355190619482,0.013339266665799867,-0.022450168889586328,-0.002911250308356831,-0.001731715970190748,0.004116979031675897,0.042856514118381414,0.0050312951616366015,-0.00090044492413673,0.0023963143624078625,-0.004691760720045423,0.04968842930535501,-0.006889838644183155,0.06246175035531728,0.008584394974343245,0.003032484735791734,0.005589728377982518,-0.010118383807810941,-0.005938768152715319,0.012290766323138804,0.06325033384236027,-0.003485919673144976,0.017342045779070697
0.014009803365541,0.016212470590263837,0.006493781978946117,-0.013120209103207041,0.0060728851373276875,-0.004593312910245,0.011532718448857024,-0.0025779041507084724,-0.005514624886037025,0.0023956416898979027,-0.016133423175067,-0.0039039613390942796,0.035942356583204105,0.004723691847726178,0.0030908668981408658,-0.006100424710860029,0.010319150765875628,0.03156465759429441,-0.008603495600605877,0.03296729945127917,-0.010738370825596005,0.00569122306275574,-0.019224143896063892,-0.00547084971539532,0.00744120595117615,0.014265917006830553,0.04543412067627668,0.008199126590200024,0.002634676387887384
-0.012002254343619345,-0.004506457542717175,-0.008224953284632552,-0.007000220463994796,0.009512805400848411,-0.016176434742025313,0.002523783225890156,-0.000375166512595445,-0.00884300115252728,-0.0021991136206931015,-0.00636113708774011,-0.005496631284339569,0.044921727687018013,0.002413228558955431,0.0030287426710127073,-0.001485104839532904,-0.004175520703701659,0.029315909827335295,0.0051948703383726865,0.04166356144122646,0.0039571665465663545,0.0016304884050905588,-0.02157153550237493,0.005134959741061205,0.005545558579146967,0.009314532797357397,0.060546153336324716,-0.012021141627050544,0.00292458437434883
-0.011238584125315991,-0.0006248874625635633,-0.005445101919033756,-0.0036057428100136303,-0.009783538010008462,0.0038163822906343778,0.0028777671440597197,-0.00037153104099712006,-0.007890718899445634,-0.005342044735377724,-0.007203653680055106,-0.008956400846140892,0.03941038046267215,-0.006510920781160175,0.00048187974816420686,-0.004165954076574721,0.009925495219317161,0.043199395553692385,0.00843273264922727,0.03890413029158859,0.0006100163099104893,-0.005638127212747926,0.002401875564152548,0.008406601927040432,-0.0007927192816958535,0.015127526074363006,0.03872129779456036,0.0035667757992621577,0.0024963780820682064
0.0038871775494626055,0.0028028703680633713,-0.008016540171841651,-0.011667907498644846,-0.013302564129009153,-0.005297997549024815,0.01479408527292071,-0.009091922581202295,-0.010816368076879905,-0.008912122529830865,-0.015588428662374079,-0.013070461870808672,0.04418026752572457,-0.003769637150841291,-6.963585107457597e-05,0.003415326520168678,0.0007717431563695746,0.032461655766431424,0.005836308916096397,0.048780862563102524,0.013781695530738967,-0.006957288079915976,-0.004292709846091864,-0.012122153338016046,-0.007969837884828261,0.01246220643189886,0.040977254637181014,0.008853654434588666,-0.004676566975465774
-0.0010390260072362667,-0.010536947463505449,-0.0025125563817648714,0.004925471097404773,0.0005105359859296466,0.004918730174012499,0.0013765660623501351,-0.006166164497396529,-0.005701604611076751,0.00419301936220308,-0.004766504677771456,-0.006947709360266804,0.02963898673117715,-0.0025281747128309186,0.005678569410237731,-0.00124115252194061,0.002262866058630746,0.029986052479894443,0.006813330036544367,0.032852820274916525,0.015250105256795009,-0.005219949269392655,-0.005087159464354344,-0.009144743997869206,-0.005995632615791594,0.0009031720814825674,0.03502711761889309,-0.0022918060593351314,0.01397060294924483
-0.0029038485057694334,0.012338211938510237,0.0030216128022266656,-0.0025376605167673543,-0.003109005229942328,-0.0001778784463973088,0.0021343089765983006,0.0021038477922865942,-0.003029738813796065,-0.007001843029417531,0.002775035054772629,-0.00047017207430812404,0.03704778553078838,-0.0002701596627981749,-0.009643367593548575,0.0007717793326647675,0.0012346926574048716,0.019869898386524257,-0.00048520194752491583,0.033130667504215436,0.0063319716782129646,0.0031748852356752837,-0.007344772209642036,-0.007948375693149835,0.009428749453523644,-0.00038528542129532184,0.029697733169910166,-0.006242704280030962,-0.004062281550144851
0.0009222004228726353,0.009905941372357011,0.00018616602066750696,-0.009975852227376408,-0.005764697431720779,0.006535796440586291,0.001546785953079831,0.001872452499605634,-0.01710006078929068,-0.007204174291273624,0.00359107165954551,-0.006449214312840977,0.03626754369034791,-0.002494313714010501,-0.007199071486358983,0.009175258516719634,-0.00607743198094975,0.03337356828752936,-0.018689923105138364,0.036026413150805625,0.009357433280021995,-0.009229321008449361,0.0007007653390103917,0.0014803112243232548,-0.007927421144772446,0.00864699170844358,0.03480159583353829,0.0027602954245231747,-0.005917904800308053
-0.00818109121202868,-0.010712465326254337,-0.021956396324302588,-0.006763367199223813,0.0023160696678514838,-0.004253734525361976,0.008891491031930033,-0.008114822586530915,-0.0067137078525940615,-0.00046520634874807194,-0.005582826636734562,0.008707355405871994,0.04817680982158359,0.011721046199452143,0.002100365097730541,0.007398198962956772,0.004620616868436248,0.04134425427815189,0.006697240413363474,0.0449556251287497,-0.0013266383543468255,0.005127171436446502,-0.02638452573987037,-0.0019079312786422797,-0.004710508793299068,0.0010458029349886809,0.058158789125879726,0.0012770880807638132,0.012767332705213044
0.007704132242574333,0.0050342108758802935,-0.007593537854491667,-0.007850391883546432,0.00048210776830959174,0.005123901006137872,0.01943014647098178,-0.0028041854710069637,-0.00982922285169677,0.0032700023623959745,0.0011659788689885456,-0.004209856206993152,0.023392600238791486,-0.008368151017575988,0.006343242454720881,0.005243095769709904,-0.004161118499478259,0.028089571814665766,-0.007821444152217165,0.028297294594106046,0.010338977167561847,-0.009429707746980816,-0.021460733299086796,-0.009413759924207649,-0.008232033408118119,0.004023077394933268,0.03987221037052824,0.0028676374541602052,0.006630409633429682
0.0008739768386314792,0.006725466565606853,-0.0005623042719601097,-0.020656481776118563,-0.005372141011267714,-0.007656761977814463,0.009213431054652946,-0.0060430048997083385,-0.020192033483009332,-0.003792447371810462,-0.00011744529750907002,-0.00010234928376283738,0.048174892878308416,-0.001038851130453781,-0.003562458024069044,0.011835216278077489,-0.018173561544707298,0.035813803527459546,-0.007223477365806997,0.0522380053242552,0.001583658641159301,0.0022719497760567793,-0.016028465856959467,-0.0025354045930716775,0.006718188083301145,0.00935115551892444,0.04807372851276411,-0.00812210350570804,0.013480066300202901
0.000164518931867431,0.005937072935457662,-0.0035100614474211384,0.0016390184660376437,-0.0004937908162015295,0.007194118391691473,0.009357682597802371,-0.008616074694258544,0.0006773604774057124,0.000782152296557728,-0.01458814736165645,0.0012196322862347304,0.04792452943558641,-0.005636047727005296,-0.0120832909355708,0.004449614598605526,0.009625706524241108,0.043713164536262124,-0.006498106815868735,0.059829439924972104,0.008293285507060374,-0.010049444488975934,0.003251729882899596,0.009579332567610175,-0.006693712619671273,-0.00011081138020562834,0.05609020542516217,0.009771164304315232,-0.0002505747030485234
0.004732523831263873,-0.010794348659016758,-0.00347629115047042,-0.006303785866691401,-0.0066763305843326555,-0.009952560865869767,0.016445808408595407,-0.0031730878417061746,-0.009704062595788647,0.01151096884869767,0.002711714054353505,-0.012802014568210405,0.036497380410144394,0.0011885001501172796,0.003210118875723006,-0.013250584815092128,-0.00540937433495575,0.03603088068321145,-0.004904236973067985,0.03939001597877095,0.010038174593141715,-0.004114969772336936,-1.0684550294671837e-05,-0.004653637757591443,0.006158600653615229,0.007010969042935001,0.05391574869182975,0.0135368369999752,0.0015516765133219692
-0.0066537377155247625,0.002333894417024622,-0.012101834895209138,0.0012202327153586089,-0.004787815605305651,0.0063783633998719235,0.010056975790072037,0.0008389462294227679,0.0021007139095130744,0.007329255981602704,0.016588331035847073,0.008455603215009053,0.03430217206774696,-0.005437881617001842,-0.0036177892508388707,0.0005677492878322214,-0.008403747924283632,0.03215875524631489,0.009114383828057371,0.04158965434686858,0.016100012788223213,0.004835180152391599,-0.014131405965770588,-0.01220507772162246,0.0064160731201485565,0.0022059491780118874,0.0431877564570161,-0.0023152740819350455,0.006006460001126811
-0.006771101160464274,-0.0032849540560412047,-0.004325860518561567,-0.006289373563742138,-0.00346313254705981,0.005116319036641813,0.007229346963937678,-0.002710146042792874,0.0023907505407620546,0.002766790361316082,-0.004537043724621163,-0.0034290884129784724,0.03719664223832382,0.004327444967561472,-0.010845336748936292,0.0010896456573367896,-0.0007231572427542755,0.02801517218706533,0.008524884967242283,0.03487265443458172,0.015514811489016678,-0.009639917608857802,-0.01159003182019813,-0.0036191966841453036,0.0028574556848847362,0.015833330206727024,0.040829258117314526,-0.011417375708870333,0.01251502835863183
0.002896155602668922,0.0005112358445723522,-0.011483376490880251,-0.013634504267557758,0.0009656446647085153,0.0019353921129856937,0.01142886108280445,-0.009060573005790882,-0.007485738462720676,0.011139628133608501,-0.008964300522519826,0.004028441240281039,0.03593545552366637,-0.005885890651567836,0.002473682382125275,-0.011771575365357001,-0.012082740803254244,0.030524789140094485,0.010717449006836448,0.04032300238652287,0.014041266371981996,0.003725068541427844,-0.0029886918632778554,0.011993620907671717,0.0046535471949550825,0.006135901433475859,0.03940635330908714,-1.9570087944994515e-05,-0.006131267270177865
-0.006615401042805212,0.0025907516083220894,-0.007455345739866572,-0.007634804947924083,-0.0009442789468691483,0.002324857952518332,0.016634392311436444,-0.003125989095277994,-0.0073922032230719316,-1.4790398756489097e-05,0.014040281079986968,-0.001406777350732011,0.03756860171650413,0.003973089280820723,-0.008849694351702516,-0.0019725515088035717,-0.000896652743293528,0.04301510450749447,-0.00013211652593088114,0.03823880806526167,0.024962883413655008,0.0003310577125841658,-0.006597524597674022,0.006604313686706023,0.006055149604311529,0.004364362139991884,0.06009716100353744,-0.00438278213356635,-0.0038945139194860863
-0.0026332565990856167,0.009199169054378476,-0.0027438842043339476,-0.01301636671255858,0.012995328606572407,-0.0005479082875469762,0.015734221860279018,-0.0018410673683402245,0.0007610852734964175,-0.006177070317060079,-0.006815838780380988,0.013259008262665203,0.032441496299463954,-0.004438019617351694,0.0019766024088844897,0.013365887665083849,3.934998897881958e-05,0.02973055225069085,0.005781301825555803,0.0437371223398921,0.012083879407028432,0.013745740259084236,-8.41764935925054e-05,-0.005035987259369011,-0.007922650659142395,0.0033837574507252985,0.04535650757953074,0.007867644199766478,0.0074074068111419575
0.0007298950316270047,-0.0011839986468331195,-0.001608909763125931,0.0014146780887057478,-0.03297093052757924,-0.029339557354540767,0.007535507470251357,0.0004310725972855952,-0.001967940886520769,-0.0018674048058256248,0.012514093337997674,-0.0031307013660458664,0.0184853061326568,-0.004338871467521362,-0.007229046344635765,-0.034785640989603836,-0.008150051829670431,-0.016360154864707023,0.003332487948473567,0.019237646797178636,0.01420832918167918,-0.0006191774994573571,0.00523112898321621,-0.0016637507998167437,-0.043713525697065554,-0.003323560861198588,0.026299056524618135,-0.004519056989061424,-0.009387741455278062
0.0076021993929528235,-0.001339406183475063,-0.012440788339768347,-0.01153763192387361,-0.008489086596772114,-0.000655844871855488,0.012348948477161366,-0.007966803399153937,-0.0012587745995700302,-0.006279710558214349,0.008744034561566708,-0.0018589387518721042,0.041028790044008355,-0.008281398910170542,-0.00377607692592916,-0.011918382841868632,0.011026223186753387,0.029829372410224136,0.005656328897770956,0.04374378283736568,0.009520649121323978,-0.011242525523463548,-0.006473483137420902,0.0017408534187099143,-0.006646743633923898,-0.0024567236998218425,0.05126270533356941,0.006823321384636878,0.003638555074283603
-0.0012011210706419765,-0.0045410413540818975,-0.005836005421121755,-0.00897903627283381,0.009295195860544543,0.0011663502548389722,0.01181165454031193,-0.004206097694399643,-0.020514544154268673,-0.00473154919227233,0.0038093067342073635,-0.008425015301048453,0.040012090163053925,0.002310270503573136,-0.015095404028674573,-0.01776189891341522,-0.001505751824880292,0.042602928783132085,0.0028955804706372263,0.03398340900080657,0.014251990812937475,0.010739835266516007,-0.00215892268696388,-0.005549635720257244,0.009672514029523405,0.010869049252386768,0.052989302381911955,0.008492319832981833,0.005313676844756233
0.0017894432236549998,0.007654544170352365,-0.00525974234764658,-0.01458552400328512,-0.0006039883494688971,-0.004814336977807784,0.010506965718575964,0.00040654648650421705,-0.0046329628762316515,-0.003637080431305774,-0.00560931030364617,-0.00021975555007701508,0.027467215730778854,-0.004971659065654763,-0.0029666515958887054,0.0009084216170405119,-0.011719260682645075,0.027188201654929422,-0.011374234257500112,0.03199472983634203,0.016474043183132683,0.0075879557973842,-0.0007709894134924448,0.002631594088023215,4.2176552841149884e-05,0.011457845068209313,0.03833573121787278,0.0029304665400318674,0.0025099003494926083
-0.001089191659390909,0.0090661776257773,-0.013636454945890466,-0.011301103226695426,0.0018276338147756369,-0.001764567224219449,0.0005973350812006542,0.012133238152072527,-0.0058807369063157856,-0.004413012936367897,0.013704170713746786,-0.008824065553083973,0.042905751451356486,0.0006059753377009237,0.0019391886749484004,-0.00625940432777848,-0.0015848050590120664,0.039246135946410535,0.012946920072033317,0.047474839982889816,0.01975982662972028,-0.01142209712199197,-0.01731849486551903,-0.016081351293660062,-0.00872098227607266,0.003290492786415734,0.04218489405524748,-0.00024540003097117094,-0.0033117664249986242
-0.0007217655040222854,0.002686404254809462,-0.007176916686797624,-0.005587801137270571,0.0007977194873624832,-0.0045722451759046875,0.004063171681502586,-0.014494822948989707,-0.00725975322612538,0.006204631391298129,-0.007550444958320918,-0.007858014963857777,0.040966323808241334,-0.004538074183699495,0.0025896017927118896,-0.007638400413002915,0.0060230195979255495,0.023754243511208986,0.006588205885341469,0.03502567038466827,-0.0013564246523277619,-0.011230827794475463,-0.016766106057075535,-0.0011567686134411578,0.005233898120573586,0.0015847195332822958,0.04514197993232622,0.007219852592214526,0.004274851241079289
0.0005763605099283295,-0.01067692531617271,0.0007492447275841042,-0.014530711984908308,0.0028440447687795773,-0.002372511964375325,0.010550359535078086,-0.006867622817968868,-0.021105264138372083,-0.007092655832999535,-0.009271256543624897,-0.011464092620959467,0.03637565465857667,0.006486039189524794,0.0017223656717361073,-0.0064466610996226454,-0.004578000301875678,0.027900628103502727,-0.005030234092024697,0.03004107153872412,-0.0031076362197898456,0.010834871147929491,-0.014781032535215108,-0.0037372096535767414,-0.0026494330188500162,0.014941417318598464,0.04681666506037784,-0.007295721005039939,0.01471116428371818
0.0010964443181936292,-0.00489688474243021,-0.010355614698360795,-0.014895183468506379,0.004011363748898176,0.0011380366686753742,0.02501071322552608,0.013023324645553024,0.002575134337409288,-0.01361977340544679,-0.003989963617991819,-0.0009628147060508283,0.04270073297047889,0.004805028973007176,0.0005489558496342032,0.0027681717532111036,0.0024780287104391088,0.043891076638060876,0.0003457428409805049,0.05272672115759418,0.026648287802293946,-0.002761067091290328,-0.003554798646962699,0.012052077023572466,-0.002726396589532963,0.011347265474753544,0.05225462743926604,0.0011675854062100572,-0.005181856702053633
-0.014264348399772864,-0.004771585533063227,0.003780929633147818,-0.0011133919826243743,0.007607983251003896,-0.006000997757948222,0.015929925537548715,0.0008370458865578345,-0.009987491308493667,-0.0003310574881125604,-0.0031093045506697383,-0.004628117936018832,0.049339163300249504,-0.0018372333106369718,-0.0008746739996185723,-0.004616916937715185,-0.004626168614275774,0.03291546806239725,0.0067981557791685614,0.041242138051495444,0.010372743302812109,-0.004126654279349547,-0.007566490535535913,0.003195850617626708,0.0029597342952470355,0.016878711256471668,0.05240130585374236,-0.002081678872529214,0.00042409814210708584
0.005590209182248788,-0.0027191712193032702,-0.011451504439392208,-0.020177395768885723,-0.005870530965382728,0.006312880935237674,0.0013798750054797556,0.002791308884481908,-0.012282290018262254,-0.012246205177472576,-0.010897803176702334,0.011179844087508425,0.051062416653249856,0.009843253780350893,-0.00946742846802669,0.01133306613851547,-0.016676559072858307,0.03858622165351441,-0.004648477596700618,0.046071120719392525,0.012924389742545296,-0.011903723715004755,-0.01918794034310671,-0.008186365041649058,0.01699526520420207,0.012254004746523923,0.05680471733914131,0.011933258303679384,0.011955457301218227
0.001179290593976811,-0.004517406318301837,-0.003445192575965199,-0.01001438226333139,-0.010610741303111796,0.012224369558274583,8.554281705120736e-06,0.0014143944050529608,-0.011650546571523788,-0.0012157600492900575,-0.006120230313815387,-0.005934047557178569,0.0348820352870973,-0.009698214346010115,0.00025729656988415854,0.003015594163025531,-0.005053418102640688,0.02246880338972846,-0.0038927468864247694,0.039861622950995414,0.014235445291935506,0.005748517760738263,-0.0014854543274489631,-0.006384635819200891,0.005185804882521839,0.013570235883957138,0.03349299090284854,-0.002355698670070871,-0.005304015922853077
-0.005602351468156697,0.01316133838595404,0.008728131386532178,-0.01640267551644076,-0.010679987245127979,0.002533733711286351,0.016658358330738674,-0.0027010107829558597,-0.008802716820695762,-0.011519239748388465,-0.003919945721547037,0.004028976449912726,0.026999874744519713,-0.008595577861406078,-0.003045597581394949,-0.008889463385898671,0.00206351380707196,0.028594091083816102,-0.005191312423850234,0.032483745564568775,0.007635928123565174,0.008780702260524562,-0.032037755314900065,-0.009815120229481064,-0.010289145610333913,0.01354129044648101,0.03740488279443593,0.007843526968155008,0.004206015031556416
0.009660138182644887,-0.009486439051743902,-0.005732345190375194,-0.01338034012271897,0.0012332177238951068,-0.013560906359111613,0.00866144452624652,0.0023499033796395173,-0.0019125262747024154,0.006722609903862468,-0.0026447041892283187,-0.004769787745737052,0.02936375369333587,-0.013382605434677161,0.0048393113000436095,0.006837472811284412,0.0055976198568583645,0.02848064579609914,0.0007698992025323262,0.034707933820566715,0.017054364929431718,0.008771912625946812,-0.006810277145144949,0.01529215562403537,-0.0036569434485072697,0.005680883072402434,0.048724274429928466,-0.00864067838745856,-0.001329125121963841
0.010477067596487807,0.0018859640104418672,0.003343198240900927,-0.01268672202845809,-0.001089719027307157,-0.009191813226928748,0.01199159138602334,0.006247055344021275,-0.015536407359793341,-0.00167250979534191,-0.006447292675559545,0.0045974718407946836,0.042473728650663366,0.009481420447727377,0.01039366903630573,-0.002131819355940622,-0.003185703819246186,0.030145698422476934,-0.017315563019840403,0.047558621788452396,0.004806030745444427,0.011245025735376932,-0.02368427706690718,0.007893908890032407,-0.002236530631364382,0.0006533019067855737,0.045336625267260636,-0.0011825045215132532,0.010325280656397994
-0.0009790672989844458,0.0010021032087672405,-0.005922264917855378,-0.011468068257851145,-0.009122669912131537,-0.010093846646127553,0.0052672965356973765,0.01006579530422937,-0.005642145247173313,0.004319179825041138,0.01254110292333374,0.007565949024058056,0.05171240543010713,-0.002234826257518987,-0.014692609116405249,0.006734172735264665,-0.006686474130152427,0.039229790293212635,-0.0034392438299378483,0.05556390332609064,0.014185790058853369,-0.0036186330525966605,-0.002748401322779635,-0.011322294494548633,-0.0013110524807263709,0.009498367628806903,0.0474365408856982,0.011158105336349583,-0.006313630691796963
0.0071279941360422,0.0025123018766723686,-0.010661015036607794,-0.009238304903739523,-0.003365475127466473,-0.012733935440750924,0.011519741859008819,-0.01081944705157005,0.00010352983033465606,-0.0027669681768938163,0.005982048631922113,-0.00771614357752206,0.04326558525952325,-0.012625159476595415,-0.0022580453059127736,-0.013716321319667202,0.012317381084382073,0.03791679300957645,0.0002282412402153282,0.045363740480964136,0.00043514100419573225,-0.0005332020624757506,-0.02129801345736505,-0.0072992766953137375,0.007627063407177313,0.006981509162585605,0.05798107420177948,-0.008308835217926509,0.0004227633304645402
-0.001676547734793933,-0.0009518235346828914,-0.002348264892813293,-0.0025599615171682777,0.01627015114479402,-0.007341046056172683,0.014208856737337837,0.0061689974433377145,-0.0027051633864907574,0.0037711402045969384,-0.0017242779765764215,0.00390979067837473,0.045277210788810425,0.008219095775940048,-0.011725335470601238,-0.0010825007609743832,-0.007962152590114034,0.041640109947727134,-6.871468469071032e-05,0.042768121939505695,0.0027854777216740844,-0.01337667032180192,-0.01059184674864959,-0.001316754576897664,-0.0035231257434087935,0.010889555908324711,0.04910006357461727,-0.003049201252148274,-0.009889980566077788
0.005597876938773299,-0.0024145237241092925,0.003617482814995429,-0.010234558586498427,-0.005076774860919287,0.009310802087662886,0.005875670908709374,-0.0004405248167263656,-0.005017622459193599,-0.005735219983116046,0.0005876017638041215,-0.0024308562421199074,0.046974772098808584,-0.0047584445609194295,0.008166324344920994,0.006732684027125467,0.003770278477358495,0.039158523638056546,0.006123907620533903,0.043799123030338206,0.011617445767275686,-0.012577093967438571,-0.0045706776707677595,-0.002934599484043876,-0.000830834066700066,0.018651928751483506,0.05280155503318519,-0.007692302937690664,-0.013412740645487097
-0.0020112143977528293,0.010097886211344491,-0.0011593724161714245,-0.005549323675150013,-0.0017347685320015741,-0.004731571054307132,0.008577514420817828,-0.004010459129199686,-0.0064371492967119325,0.0022929732181469465,-0.006809015259649731,0.0065635453741811215,0.03005904727314808,-0.008379668680936578,0.0007547112051323704,0.008015998468567587,0.010702576534777731,0.046981370194956594,-0.006627749841358407,0.03641690226769172,0.02322845450555859,0.003767530791165308,-0.014219464202017976,-0.0010807937100222752,-0.006170871300915656,0.0021118832611608973,0.04864859517661522,0.004897760828305704,-0.004793017546033952
0.0012466036291310077,0.012888217570937983,-0.014376382354477666,0.0050867939301306305,-0.0050851602316563825,-0.009774875970268894,0.006554789464561825,0.0003057893517345607,-0.015984684860791406,0.0005855068376711815,-0.010786045120325192,-0.0022334875756773306,0.037172275818759364,0.012955586648732129,0.004350877082430034,-0.000694204047048872,0.0037601253128063043,0.03387539167344352,0.0022085933712679504,0.04594423676246801,0.004335972531804186,-0.0016143962547878706,0.003381130248004285,0.011383252662688931,-0.007824183314597163,0.015623901179762624,0.05281947654198436,0.008525441903193858,-0.005516081943092852
0.014102024659536326,0.008859332798499974,-0.009256020766867143,-0.00733901455115967,-0.004109028132857083,-0.005591360393329829,0.013664223077038755,0.002693642749989577,0.0007881713298941725,0.005054018458984071,-0.0027506994414038958,-0.0017502487129300143,0.03756566413243681,0.014255738200149576,0.013390155150910904,0.005632030144986007,-0.0025570174438682464,0.03896717222597359,0.0033389809587158104,0.04627293276184573,0.015307778900025253,-0.005871692172509483,-0.018051844645576836,0.010052071758515484,0.0015624960997873386,0.010380089653770339,0.05462445847734298,0.002767037644746898,0.007874255847979243
-0.014636188116639514,0.0046288290832237605,-0.0017422880026223384,0.0011015278736876072,-0.004868346177040601,-0.010538120991418442,0.0070877860656606674,0.011532175155584093,-0.006134076190482574,-0.0008489263739196464,0.0032023554296408316,0.007737150251015155,0.04148060785924277,0.007616681250882754,-0.006727376781275808,-0.008882052561541417,0.00517222586645979,0.0369411938233573,0.007564857720718766,0.0513159774703954,0.014148026548593042,-0.0020117752500547815,-0.01772612874155869,-0.003989057097676694,-0.0057116032365579945,0.006875415657961573,0.05938677665369131,-0.0034102119335197626,0.005320270972197799
-0.011061471597169931,0.001832346064382977,-0.014489479227758584,-0.007069370602833432,-0.005839758340819909,-0.004403831304049665,0.015960470972550336,-0.004271806864021081,-0.009405887160784606,0.014437854781283534,0.0006425163354052795,-0.01096813542751032,0.0452258611345676,-0.007087203377858963,0.005312659052917317,-0.0048130393267834986,0.011764014967890125,0.03698811899856308,-0.01054610038236103,0.0540511000241068,0.015154954124685736,0.0008431985884473457,-0.002083203271871021,-0.013297939954564375,-0.0035764141267762522,0.0026320168618806784,0.05393196559803391,0.002744675027629139,-0.007802966782418059
-0.006821350848815724,0.005317780022568887,-0.00969625125840908,-0.008806629862838072,0.007511241359260342,-0.0019315945803239048,0.004736962559912709,-0.004671604159278295,-0.02216942781270998,0.0033909635341651924,-0.00010109646366054271,0.006500507174463179,0.029961265285977,-0.0009020403524449081,0.0070104956751059384,0.010554873882060077,-0.011863872955207449,0.03306564558631867,-0.017254583291279244,0.048753992100297225,0.016456641934614078,-0.008408438755205474,0.0033215293902675133,-0.005072620128898476,-0.009669286545390596,-0.010101997578937122,0.04463515714177383,0.00444263248650505,0.00277519888007237
-0.0024555085169148286,0.0005116120830571448,-0.004397153878733268,-0.01438875363910156,-0.0044184560051568,0.008085859896126257,0.009135040382388984,-0.001348494547814443,-0.01264814545513443,-0.009765638421253794,0.004483975386423312,0.011239925939696157,0.05227700596046472,0.008519986116530022,3.482658892300858e-05,0.00988202171334117,-0.011860175741117685,0.026493001476111142,-0.00428491745135716,0.04344881922047555,0.014929976572106436,-0.00011845097781272465,-0.009380819593720523,0.009096833728355425,0.001028287726736397,0.006916762043805154,0.054832790756686685,0.0001591560878418733,-0.004677949647448093
0.0011621167308447085,0.00812205567771878,-0.008820854183616568,-0.013949158452788206,-0.010482955937059958,0.004118791086752959,0.007869268786459658,0.0016252717086808408,-0.016128759555670162,-0.009878969077154213,-0.000545433699744387,-0.012743072530144317,0.03334859698334039,-0.005539633163685641,0.0011149039385921714,0.006607664379723996,0.0015732923222936295,0.03077534679552555,-0.001828493972118624,0.036236734773890444,0.010268064168513192,-0.0013856535354866146,-0.00445054413005507,1.0309657155878663e-05,-0.0020852416086341733,0.0064285270027764916,0.045599553063916574,0.0028609190863402158,-0.010159022127540981
0.0004974072114939368,-0.0004917821350626714,0.002909706681903962,-0.014645506902096591,0.006129947570975113,0.009500384265857191,0.010868973917404974,0.018523538486689937,-0.008390773460731067,0.0034340485159133436,-0.009587093470419352,0.013197861802645004,0.045197117046570326,-0.007998706983298458,-0.006104238295351547,0.0010592246914956978,-0.010999944231682919,0.025199645314087152,0.012224226163994044,0.03802293845910214,-0.008513707725278413,0.0036480398047969843,-0.021729196200047922,0.0019586600487747144,0.006830122777003645,0.014528811813823522,0.03517972085125232,0.012314142648900387,-0.0006503309981225348
0.004968194686280741,0.0049022200154557145,-0.007523176271147234,-0.01698092930574627,0.0009066921305270497,0.011627592723567351,0.013660750509179075,-0.0022219146630307173,-0.011589452200455793,0.0024319064422491364,-0.004247763658902283,-0.011810280697919931,0.0348278586408425,0.0035234801557770833,-0.005258086300578868,-0.014399848680806382,0.00830425781092311,0.02189955068206291,-0.0024317435260176818,0.03729133551164065,-0.007286649396982595,0.0016857514260474593,-0.02596960799424733,-0.010084576973218093,-0.0010605760469501525,0.0065743173182706335,0.04635686696956501,-0.0018883100200735945,0.007421894406374739
0.002714421613919333,0.0019195027355339918,-0.007663299370636862,0.0031426967662440174,-0.005802790571486083,0.005510616406934238,0.01132511285933521,-0.0011968516005389192,-0.017170098608708557,-0.0009088025848076058,0.0009823417589606726,0.002944758207840503,0.03648076669436926,0.0016679292415341018,-0.004084808617384262,0.003494223758339099,0.010678751578925899,0.032244022733933515,-0.0017338430546011516,0.032414085287927795,0.00483520939866264,0.0034900797705266014,-0.010801563289425858,0.010174921237695658,0.001638475935859526,-0.003240144772587059,0.036630347563330015,0.000812676074640412,-0.00759774012594572
0.010545504858221704,0.0022624122563156767,-0.006811036084619093,-0.005851606514280916,-0.01001809296631304,0.005049758483621405,0.01067377741547782,-0.006024105899339885,-0.007892295463746335,0.0018045838001612756,-0.006280978110944045,0.003553825991778329,0.035757688335839796,-0.0153064423130434,0.0036045975413816988,-0.0005841188858623956,-0.005280407771763583,0.029503585144117696,0.0032309670423991133,0.039048220965723614,0.01570218970271308,-0.008447725123162468,0.001592958614645192,-0.008309917959221482,-0.0030780509558930593,0.0030853782151501925,0.050329845665728894,-0.0012836373332121718,0.0062255709420843955
0.000996369486476106,-0.00544193795653843,0.0017474960190376981,-0.015866473376590154,0.0059409853513642304,-0.0006501436998285516,0.008712180155352972,-0.006216427599790676,-0.013047127666675117,-0.0021441496444030597,-0.0064295498286225106,0.00775676429558338,0.034079539414610435,-0.010809516634681573,0.0067631160302877025,0.002287678234070963,-0.011220315169672862,0.021974342954296105,-0.006189257584762567,0.0366676469150354,-0.003158771153784421,-0.006098786251589533,-0.01640912068460746,-0.0014633726969927319,0.004157522823170438,0.003903756572164139,0.03587715520018073,-0.01117827999852171,0.004101713649248823
-0.01515162359163716,0.004185840234845034,-0.010438262524041085,-0.002103340443811787,-0.006267060529132855,-0.0017602331179284664,0.0028202183612761433,-0.0004345848362130292,-0.01043729841391097,-0.012095766864390643,0.009985150953199243,0.007914647955246702,0.03728776850626805,-0.007052386263957975,0.0007131208737292285,-0.003954210304829597,0.0016074529817809741,0.029930302257946993,0.0011047000512652118,0.035371066723716225,0.0030526273791982497,0.0038744712352383214,-0.034793755714751226,-0.007640252465714093,0.009490789979654076,0.0024925510874614066,0.04379019159354397,0.006494583433758211,0.012480070995787686
-0.005514515269169183,0.0013168967591789893,-0.01111606960673988,-0.02084995812950252,0.011719664142749674,-0.002533849630449699,-0.0002858773299451552,-0.0016118748668557054,-0.0073316625749137426,0.004717836025983088,-0.0027753202097129275,0.007854045755557511,0.03642467711898486,0.00019847119069683533,5.046793831453682e-05,0.00397736601997162,0.007787520881642256,0.02432168410060453,0.00549574018379383,0.0424609371837432,0.006664563879546909,0.0009290529291747868,-0.03162843956170794,0.004065624029617212,0.0021901499360346367,0.003159955285349707,0.038608018178592954,0.003860454402249963,0.01204368142467382
0.008823916901495097,-0.002483061014248188,-0.016214622601035573,-0.014245588603577518,0.007416978437550199,-0.0009633066465372062,0.012013340226895803,0.009600833428166663,-0.01843169336133797,2.6097980184688526e-05,0.003825421949859576,0.004957975314351358,0.046957207377587185,0.008989189275311428,-0.004153921422972556,-0.005502405407200509,0.008467794346520183,0.04441081438923835,-0.020138454709100702,0.04623435722326511,0.013918623982315819,0.0013665590328300178,-0.014762668265815038,0.0016728028404166641,-0.0063796101385204945,0.005999906165834719,0.0412283871691342,0.00415195808951609,-0.006299725781461597
-0.0008769315477274939,-0.00544626388272814,-0.006497647799083258,-0.007433929435923448,0.008083153370950051,-0.009173090861108695,0.008991230540782751,-0.00870242005079384,-0.007175081465141742,-0.014283225952305077,0.009233899231160957,0.001459965671346561,0.03741985097541733,0.006226349240031686,-0.00016194531109859915,0.0011547498595016476,0.006766073681602333,0.034742388392928744,1.4991280799542682e-05,0.03756132201689956,0.01169778496288573,-0.006648475857130084,-0.0183269142582726,-0.002869264198709179,-0.00667611879558766,0.0072741110698807425,0.04756174379506301,-0.0026093985231029518,0.0008630722185813325
-0.004339658839030973,-0.010403122964838729,-0.01808155425141884,-0.015630441055295714,0.0008410557601245429,0.00300423990247357,0.01839577627397886,-0.0034447393242603153,-0.007449163651646229,0.011467482499563577,0.012000476477931296,8.608628977855962e-05,0.0427077507977883,0.013111820517510685,-0.017468246088141966,-0.0131258417223008,0.013491844551681306,0.03134319704758039,-0.0097588199936988,0.041883454262522615,-0.001630918254108251,0.006452441634030597,-0.02320926344680919,-0.0019450663464434955,0.0008749287824632933,0.012774423744293011,0.054379425312192184,0.012002884863467903,0.005272600975825619
0.014897868814045954,-0.00043014430677263326,-0.00020270311250204686,-0.008633698765294094,0.0060336924735050115,-0.001563045806214821,0.011189436903738423,-0.0050764816380140625,-0.0139689788061213,-0.0006071806028734412,0.0053552892586626365,-0.003468662405078076,0.048982327120486883,-0.005821855911985271,0.008098887475898838,0.004017870538477939,0.003846446534538336,0.03472030727075283,-0.008336869143615021,0.043361747123549725,0.01969171171480763,-0.007520223395705123,-0.0033509502651556146,-0.005543854234215744,-0.005095644862781882,0.00733905293638645,0.03781538629668192,0.008708690548480936,-0.008144158471718638
0.006703110755976016,0.011190907072599128,-0.005568914873408303,-0.0007831676753020541,-0.00306588891586993,-0.007394049393799889,0.005426674427430577,0.00034017065169747435,-0.010210225467850963,0.012068252405648567,-0.003052103846821857,-0.005964946272153467,0.023935658867681796,-0.0028945222255009626,-0.00975994030864338,0.0068754081100775915,0.0018016268208222125,0.022463755662918097,0.005694324760419723,0.014130200897127186,0.00048820333437640605,0.004197198914303651,-0.02134376742323107,0.0037076997179495614,0.004822526210307567,0.012952826285111959,0.034323043423276654,-0.0016706287732911333,0.0005534675853912834
-0.009251302508660658,-0.003943920670656416,-0.026181213695373944,-0.010754158499243834,-0.009185716208783515,-0.013067074852947712,0.0004738036083492611,0.00020758251238144228,0.002258696533224035,0.004535137992272617,-0.0184058430106167,0.006287286269130134,0.05805904469610674,0.018942430396597244,0.0020846833699011418,0.005368354605370947,-0.002752042229332386,0.04675903169498731,0.010338163336562725,0.06010001699158849,-0.010669092949488583,-0.015543372634617258,-0.038510425884520194,0.009334727194386253,-0.0027174809008409426,-0.00260627935946117,0.06933190098980249,-0.010619459934811872,-0.020700656586470377
0.001714465830177633,0.009761636584603188,-0.0108817370474039,0.004270401628408133,-0.009879576882934575,0.0012558009050394885,0.011817353527600515,-0.006277814068089445,-0.006283659501913994,0.014263796857993578,-3.949373303495917e-05,0.0029232900584433563,0.036496219236930035,-0.00226212589113105,0.004010979079077383,-0.004343887860892676,0.005440322956810197,0.017163593873135263,-0.004435615502849858,0.0374051031131568,0.0033321468080200834,0.00028262765393114543,0.0063040077675208745,0.00449600063579748,0.004714374036492858,-0.0022529655216423678,0.038843731603419175,-0.002332733272771653,-0.0016598934988125208
0.0023817363098867627,0.0012925934785694626,0.010010907405871228,-0.00974421080871412,-0.004439498449503382,0.0016433614385667897,0.011430269211749859,-0.00013475272314113996,-0.0009639191694396724,-0.004101906733382361,0.014136240863228585,-0.009385122146858674,0.03699878932967292,-0.004104972855109322,-0.006152057953191718,0.011198697202727323,0.004662674460429657,0.03480712829327002,-0.006622515738378416,0.04266470429784967,-0.004133047550408269,0.002640840495065131,-0.029158732103793217,0.001641201462428355,0.014887793623534488,0.006244096445709678,0.044374827059015444,0.020218378363378232,0.008603270532380225
0.0015939549313549264,0.00865613884627548,-0.018434515060351226,-0.007555005273224233,0.009106792467647467,0.01158187407638093,0.01145491208781354,-0.008476477542331775,-0.023966899299000626,0.003232233643869378,-0.012674239574162858,0.01252263109759042,0.04873392088776579,-0.0113874003593926,0.0009328683721861222,0.00395598036575788,-0.00536333522793999,0.037654803297507734,-0.001939530956965174,0.049374819786949464,-0.006516385672731266,-0.009601131525923859,-0.022613721585919712,0.005664173216757965,-0.00431701440419197,0.004910721325570768,0.053718026199856134,0.004126077475084887,-0.0034233990841485156
-0.008956800589261635,0.006134545278049502,-0.00022574176560497021,-0.010012829155799395,-0.0022953381838787213,0.00011259428191171495,0.004222261911235932,-0.017743344979247375,-0.0022684719191939083,0.00516920874818518,0.013970309935533658,0.0043276423776667985,0.03789991228898294,0.0038976003924536817,-0.0022339525311316564,0.006144818857394932,0.0034282496590263443,0.040171864809331284,0.004791546481268285,0.04106940753544846,0.014407100918837066,0.00578515721597397,-0.008029016625646836,0.00038977753848675834,-0.004088759150462245,0.0035876071261507227,0.04829140031022623,-0.00142314122510102,-0.003471825546990565
-0.015319913552490615,-5.43167757303733e-05,-0.006566592326719905,-0.002141012530934209,0.0020556358529314105,0.004499115142115995,0.005578473386997472,0.018148504157396012,-0.014027743451433053,-0.0022534934363345536,-0.005052081714571696,0.00541333540269492,0.03956045500513669,0.0029835227155568735,-0.000380596504357649,-0.0018342015090315796,0.015290834579588129,0.03995802874865086,0.007874077808595323,0.045356114033494606,0.02668369145733177,-0.008308247579779644,-0.004696543195291734,0.004763705718680187,-0.003433698186726099,0.019095205590183406,0.04422309372036612,0.003919277630581126,-0.008568560866326333
-0.009122015139115952,0.012027596165977686,0.005083985155060562,0.002099902217844528,-0.005332211054090986,0.0013156457734371835,0.008166233653994014,0.00016701573426299103,-0.005727981961208598,0.002371253408857206,0.0013568812219385746,-0.00448006112741766,0.029538278994067496,-0.0037645997660237093,0.00031340940654724764,0.00072450175958148,0.01393500574431237,0.02733830797838952,-0.007498580656448022,0.03487235417764589,-0.0020818862336484958,0.011353776826116378,-0.0036844399705812866,0.0038627953087254706,-0.0010413316839134033,0.0010283618594624426,0.035651947472684596,0.004136350417711377,-0.0008438283430914948
-0.009540120555565646,0.006531684184303541,-0.003332068653152204,-0.014368013820181018,-0.0011224956440740127,0.00024202356762672507,0.008808924843187044,-0.017933131968917486,0.003006998411473503,-0.002806638254001759,-0.0016537140476723818,0.0184535191013437,0.035046582862888004,0.010270417353415157,0.004758007542256982,0.0017581409460097335,-0.0073235497487591245,0.024745896527752196,0.001634162629065281,0.04348446347691913,0.003979126376523265,-0.002358527186829672,-0.023411533585069994,0.0004314434380542129,-0.01051702166750463,0.01487748970248323,0.0425704246709745,0.0005399336780587417,0.002375357211128816
0.010714865181026868,-0.0057348564469951015,-0.005702219504489757,-0.008186827675016724,-0.005597494968739744,-0.004094959046382494,0.013926653312965533,-0.004634887416380907,-0.004078200786396236,0.0039018919836630124,-0.0008965940103089221,-0.0032544352555564974,0.02907475476048964,0.001913576577587965,0.0006970710169911096,-0.00980899771451032,0.009733598147115344,0.01664774743988302,-0.0023652666269688314,0.03642628706544018,0.013388030764210773,-0.01770545749632617,0.0032637976535856805,0.01322002514995012,-0.007846235520041519,0.0013647578523617112,0.03584192293863525,0.0034586641105436495,-0.0026328478528897903
-0.0060799394031604516,0.009092843946055577,-0.000561008905607527,-0.011034382305577285,0.007906468416407669,0.0038463487494218777,0.002544601708566799,0.025147208184109128,-0.0064090813982191205,0.003944828227715364,-0.002956842005948776,-0.003412973463647511,0.042258346615844496,0.009740898912502908,-0.0030130666187032883,0.008089781836618846,-0.005574362436136679,0.03238406561204789,0.022148497241442355,0.04382669492235001,0.018813448570252692,0.008615311293604476,-0.0034569029992174436,0.0077044443673188485,0.0006412560211911613,0.008603166145840078,0.05314065175897782,0.015776413709304434,5.548836800405712e-06
0.0027991769389767154,0.004950545334796199,-0.0029989674102646143,-0.008532202874696967,0.00675770272087803,-0.01007662852268642,-0.003405259762225683,-0.0008059196549816906,-0.012637620766853755,-0.006712935379278104,0.005113902745147044,-0.007382528745629603,0.03821570808346053,-0.002029703980434227,-0.0023526626298376006,-0.0024538754620252227,-0.013633283596328616,0.031061780547214514,-0.008302227027097781,0.04440245992032742,0.020597217347662143,0.0014925786540761403,-0.009436677867347629,0.0006615100724105506,-0.004075706803220988,0.01246344645674687,0.04851871427786986,0.003343184416933607,-0.00019549564188921158
-0.006223060465301639,0.0011504331603893363,0.001600208054160791,-0.0188387257972812,0.00437949947655392,0.0005539509939130258,0.019090353964965882,0.009786895835101485,-0.0009627567021012288,-0.005811058190044322,0.00014764288179567838,-0.002539776144509365,0.04952188776368821,0.007434625790653338,-0.0072490573745485785,0.008166266177026937,0.00939153064709382,0.029585664993785343,-0.015819951383847907,0.046741721833389364,0.015084448891583292,-0.012365544896113514,-0.021894016162055507,0.0027347280727261785,-0.013673252929873918,0.009273444528151004,0.055105163859819645,-0.002862409818823036,0.011600246224916644
-0.003615121915803466,0.002483239030787297,-0.0019926460017823835,-0.010767567782305571,-0.004678468632390739,0.0005506308907856295,-0.0021339201210776857,0.005032800797625821,-0.011392316465200024,0.005169354796275502,-0.009497367569943457,-0.010657596435269942,0.04633160778425776,-0.009317683753343377,-0.0005031551211330003,-0.002510961943074952,-0.006335028752347957,0.043702527208445995,-0.006535911314913974,0.042346184723149036,0.017433442404805044,0.011035966607762732,-0.000700028047667839,0.006577803154423305,0.008024518031244458,0.006214093649662691,0.05535786918323625,0.014242870420179764,0.005690006559623519
-0.007764667001760243,0.004457100623228069,0.003995388121532163,-0.008292557353450093,0.004238482717614363,0.0019135256896687359,0.012125427785012688,0.0008567382641785018,-0.005592763320539443,-0.016635109877233146,-0.005611119568379677,0.012156560476916349,0.04837162968479019,0.006679108459520144,-0.006066471832155723,-0.0013490039934799755,0.008618926052596934,0.0393938010816243,0.006759937821314931,0.05027539211929564,0.009461889384291473,0.004514725064214342,-0.011427120030303935,-0.004173814207768434,0.0006080691159791969,0.01414311233972625,0.05218850030989964,0.00748445813921238,0.005806828436050368
0.0028343425202709566,-0.0016074344733853288,-0.008173672158851796,0.0036636039839876987,0.00146070800960784,0.001103671520412567,0.010633755555462617,0.0024857928568975045,-0.01419202498286579,-0.011317950850002804,-0.003248577892902217,0.009872983230094765,0.041081584231732346,0.003185371802637244,-0.010853349343203884,-0.0013779113254616636,-0.006996854797262875,0.034808503798945976,-0.0028050040558514934,0.03784556517805801,0.011877665524807192,0.015310723297854082,-0.0004249757636547179,0.008980517970199081,0.00042506904212995944,0.016692357468021436,0.04265422775609797,0.0009171617321275192,0.0008439800101144774
0.0017875559860811552,0.0015778465549358064,-0.0005011540002273507,-0.0030481063770557027,0.00723758187109559,-0.001253311771504796,0.0025482724621318665,0.0023565367819418383,-0.0254959044198556,0.011436900642626261,0.00915855628424549,0.00393086400352694,0.046096485743593214,0.0019178821664684517,-0.000528140310846118,-0.01566992281924284,0.0004083965085566948,0.03220768969584492,0.006152453038869979,0.03999200297891042,0.012457632299803262,-0.0015729671473993538,-0.00536715056196196,0.0080561018154654,-0.00035914996710381425,0.0032229445517516823,0.04401588281571689,0.008869363530833303,-0.01090942570683206
4.7398984878572265e-09,1.996102867771117e-07,-8.013666101369802e-08,-7.915130044822464e-08,1.4111150056119307e-08,9.747541611228492e-09,-6.574902498832773e-09,-1.8659986874499554e-08,-1.253868552497352e-08,2.5227975207676643e-09,2.4879501070451394e-08,-3.7252334020572646e-09,9.628945550493059e-08,-4.155657433652569e-08,-2.2985448948598892e-08,9.54275260174097e-09,3.615747850499395e-08,8.534265797158156e-08,5.873578048205464e-09,7.797938520774814e-08,-4.858363903932283e-07,-3.952543674865119e-09,-5.250670404729306e-07,-1.7716669198447246e-08,-2.762077895984778e-08,2.517980433948498e-08,3.7789563824792547e-06,-2.6587408011054438e-08,-1.4116965931636451e-08
-0.009830626533341642,0.0006934851509460524,0.003091682671486062,-0.012643346570316624,0.010116911247027708,0.0033535380952802365,0.008007522701356545,0.004294053245874896,-0.006417287699196294,-0.011320924072153814,0.004156553929155222,-0.001378352373330322,0.03522653519982427,0.0022472922191628785,0.009433951713503724,-0.0013716303048968597,-0.012489475208521127,0.025460688000604664,-0.004198233360576016,0.031380991296792504,0.017086995341143007,0.006153054585454476,-0.011739055058259432,-0.0010877347473173002,0.00413615806485953,0.017859321512061876,0.03994407167497096,-0.004950029802407222,0.0022324167547069307
-0.008064142619645102,0.0020303819560652443,-0.005502352090003283,-0.019470639535929996,0.015683706624326794,-0.005598064057114634,0.015058016211348117,-0.00027017155362845155,-0.013875812327434407,-0.006092089544515241,-0.0001320412450205058,0.003553837484756722,0.04718735370211956,0.0008686207108477729,0.005298002895470159,0.005892362014389853,0.0005134095783194849,0.024582677233519628,-0.0046067015058804,0.03880595319964865,0.0014303228452630836,-0.0053697917936271515,-0.02357188701705809,0.00016283781748562253,0.010316320711946426,0.016435468508239574,0.047548716055928066,0.0062810292718004064,-0.009183699475049337
-0.005584143018447756,0.004367438036950598,-0.0058949581367922655,-0.02049707226165878,-0.0056270505503575406,0.004927860328286061,0.007647441287612701,-0.001905405686163171,-0.0008789773336844897,-0.004918263995616271,0.0023909658306528144,-0.0070415177658905434,0.035081004447999733,-0.000527669666760572,-0.006785459107422162,0.0011182447409239116,-0.004784053290235072,0.03535084574173341,-0.0019953361054680097,0.05049692354968609,0.006170688291575688,0.005970781525920469,-0.022491510261669352,-0.004906613129468527,-0.00791510488468017,0.01054810591525661,0.049987205261228,0.004372761195881025,0.011712822816505887
0.0021803153224907884,0.006987311694651784,0.0014868526044308546,-0.010566613530733564,0.005274735151494755,-0.0025174732477177162,0.005124080214423145,-0.004870975689185932,-0.01458697457442231,0.006332697362875362,-0.0028571449644449825,0.008006383927358113,0.04067874272670065,0.01112171530026761,0.00558377040130382,-0.007974902718388735,-0.00562861221260621,0.02799567730770112,-0.006762307924213884,0.0392642664264901,0.008754460857216774,0.014398528111204713,0.005587319824864072,-0.004735862375191941,-0.008118186604464655,-0.0028807799060723218,0.04617930915997067,-0.004559599051235243,0.004110236078866937
-0.0005581745789082745,0.0017146385572679474,-0.004936048577684199,-0.003906518631676457,-0.0034536406309082536,-0.014307486828509857,0.006623009323442275,-0.002509235293596145,-0.006478994778863147,-0.0035022322922858783,0.004555256584351048,0.009994022550161283,0.054559678435025724,-0.0005219968014274258,0.007619740880805773,-0.006151912146181473,0.012762337014274669,0.04491830634816603,0.0012220466153042996,0.05136059678047872,0.01980516816443724,-0.008377779800743496,-0.014206950555848056,-0.008981295844347831,-0.009706474997788568,0.0033703740774642236,0.046036033883759556,0.00034478994940364513,-0.0010453217067754594
0.0033605388783102554,0.0021570792273561687,-0.0018513573626878742,-0.005092120946129969,0.008308275622290794,-0.015927745822762285,-0.0067835400531395616,-0.012448038765542053,-0.0050092993153819,0.0020490388773353823,-0.013961652559264029,0.005360906524875029,0.039930279351013474,-0.007736175654736623,0.005606920286947566,-0.010081924552608321,-0.006281093078045147,0.03625176659948957,-0.011417889466758572,0.039927160443456546,0.01820992226798559,-0.008236845301312213,-0.010601308397099555,-0.0013877232871247257,0.0018677436778074448,-0.0013276420850753246,0.04888416765328934,0.015459452326127358,0.004676337918313535
0.007005051018993767,-0.010149300515964195,-0.010383928523517591,-0.016891108431689793,-0.009412135003689037,0.0004320518810834898,0.0151849975899573,0.0024324831095778325,-0.01970061072410043,0.0004950301137308917,0.0019454373365082032,-0.0047498225314420595,0.04122690614474007,0.003988227184230519,3.8784791762084945e-05,-0.0062043974638768115,0.0042023643250529135,0.03317292705928999,-0.005827019952407472,0.038593218739877505,0.00035528902867857016,-0.007434411197227387,-0.02840803123368907,0.002255713369439516,0.006547360904119285,0.0018142845307735143,0.06037837034746816,0.0005063176091534665,-0.008166468035557211
-0.0016453818512542253,-0.0014489159968649342,-0.011730899067338674,-0.0031953130289121413,-0.002427535186657744,-0.0024044553685854844,0.0025968693161685006,0.009544239379979301,-0.004769148051067849,-0.0029344101446058565,-0.003921008157878634,-0.0015930288634548072,0.03191090297340941,0.004141548331020905,-0.001165704234193915,0.003281120843221698,0.001448492531704959,0.031737420045466154,0.002254513296332149,0.037353880381585006,0.012427484312203268,-0.001670216168578935,-0.012846658489375534,0.0039270650933403515,0.00918843012359265,0.004658587749959037,0.03869910165893676,-0.0038789568485601295,-0.0010885781956581156
0.004164321975499978,0.005060348814730674,-0.00237466646043833,-0.006307386680200445,-0.0006557166750722255,0.00600022666602727,0.0077775898669750375,0.0006972703768387682,-0.006145825234097041,0.01475794610290877,0.0023596419876015444,-0.005061674617887904,0.03321735884388976,0.007556519751038703,-0.0069567020233334545,0.003282281793226331,0.0021707451733727835,0.022226851355653745,-0.008420360568790513,0.03738518446560753,0.016151311403331495,0.002508737514370032,-0.0035036674482399085,-0.002570627184434709,0.007948873583694099,0.006306859491803963,0.05168321400849175,0.0006430394582577319,0.0013311727012651395
-0.002399509766554313,-0.0030566803516745337,-0.003261432341469689,-0.01302364364359346,-0.002002931472943648,0.01633403021547859,0.015335114021332006,0.0022969673219553903,0.0011277258346785882,0.012274505477523526,-0.00392645017054323,0.002923905844987671,0.04363897705393403,0.003127930402263862,-0.0037075290469160854,-0.001594651653640579,0.001869423642541332,0.025795239348210916,-0.0017055817312027438,0.03444634246909157,0.01923401151755054,-0.012507235664642916,0.001003385314145705,-0.004731228201113439,-0.0028622968060910124,0.0030048429795997383,0.05086036446357873,0.016387770467628314,0.00027379839139679975
0.0071279117124377995,0.003000359576717566,-0.004797583268140777,0.0044769180187072995,-0.0019397952345309507,-0.006865568694470237,0.002194293130433257,-0.0032007327011431288,-0.022098027938055164,-0.022589688411434578,-0.006401275907018488,0.0034308536352976897,0.059854436735516055,-0.004625450429250139,0.008570159263192193,-0.007178442618015896,0.004896060777058556,0.050479152405455266,-0.009867852767021332,0.054969161953494536,0.01628952728399704,-0.005442993544025063,-0.003614477429058331,-0.005065579575583466,-0.002812575199369753,0.009261497805682193,0.04994898824490244,0.009236216309693469,0.006968993256820499
-0.011853906281802383,0.00723122821693756,-0.00871458177197079,-0.010810052524325027,-0.007673536365373666,-0.007345516275879739,0.00027218849785521433,0.006006698847049963,-0.0037256065096771137,-0.002520511591720959,-0.012658423403713592,0.008091746651036416,0.034715893063239564,-0.004116878768161679,0.015111897261408831,-0.00374476800096925,-0.0043803912783087024,0.02187267296150264,-0.001061350745698035,0.04440258469617323,0.005646019730508703,-4.5626013438593716e-05,0.002187042101727397,0.008017131881469729,0.007257944718461019,0.003987101328398821,0.047151619486158224,-0.002058561093686129,7.367781755683142e-06
0.0056923486879151275,-0.00493909283202966,-0.0023392972885454555,-0.010790702772277587,-0.009358543852181527,-0.00964409246216945,0.011774744960305209,-0.0025674620828692457,-0.020941664253301833,0.0036556815876075356,3.684004157806714e-05,0.0005210434003712987,0.02990990553295742,-0.0039002778628191657,-0.007491147998683367,-0.002536242196231401,-0.012511759194928355,0.024935561042794357,-0.0055145005925215295,0.04332968303552408,-0.007024651151053372,0.0008039219006557925,-0.01814387661479171,-0.004936722083883309,0.007142474968223859,-0.0020031293729847075,0.05018432874515618,-0.001401130448385215,-0.010682599460218812
0.0015587329546747233,-9.60527035126151e-05,-0.0021395928179658444,-0.013470207505336831,0.00027132962843751666,0.0009856111390510317,0.007741275308027271,-0.002897910244919617,-0.003188479335969627,-0.005525003229078079,0.0047469899314812256,0.0055594050573344,0.04955970774845758,0.009494670653184899,0.002965882379572935,0.007902275275590714,-0.00984436015324253,0.031883922160104855,-0.006442247704249885,0.04798688168000494,0.005550243895860895,-0.009486121853841921,-0.0343395449525054,-0.003008380486143615,0.003476081221579514,-0.0008658382540690139,0.05965842321577239,0.014323651034752118,-0.00214409961532804
-0.00914132449642438,0.0017826899976792522,-0.008613292430025562,-0.01175470465031803,0.008887363251084421,-0.007041244833629042,0.006063191748759874,-0.007089368878762061,-0.006495645301716999,0.006714025852273241,0.002120497123880295,0.006950047198926442,0.043218013697558934,-0.006289975891179392,-0.001700441762826942,-0.00021509637529552324,-0.006166584790407461,0.025595991959232393,-0.007091825694892543,0.03366004865652564,-0.003801185832269359,-0.014451135426397706,-0.02327747981196715,0.008168553535008179,0.011631166630266669,0.003960754574134286,0.052875451460862664,0.01986308058268093,-0.0024821318029607927
0.0006371564496923213,0.004651784309015947,0.0033782553766017764,-0.005493861459506899,-0.004655811923787936,5.8894448567832356e-05,0.02227162797366138,0.010981142674660152,-0.015530660143121766,0.011545102083844988,-0.00798855737352302,-0.008290043884864136,0.052184740202077286,0.007990391861414326,6.234240670365415e-05,0.004365472100092023,-0.010072220997355741,0.0484663082871894,0.020790051587074712,0.05438474255503174,0.014101066585605912,0.005844257291617408,-0.004108502666243762,-0.0064848931740520265,0.011374652272770834,0.006431118761714831,0.05313592584409677,0.009418928179817017,-0.007238934874972587
-0.001620119765739919,-0.004615929332997495,0.00017320417418201762,0.0007978890294577424,0.004692554893251598,0.010864772403775891,0.007799668746293238,-0.011015450048221222,-0.00942944132406777,0.0023463408079575834,-0.002541333881697127,0.011855729206396902,0.039446963253938164,0.0072407611398192726,-0.009424687810354201,-0.010533759221823124,0.009748958025060478,0.029493584725188413,-0.010192056223370067,0.04470572715532838,0.02595707292888719,0.0012438068635512577,-0.006754619639487301,-0.0012033810511998936,0.010141103995780755,0.020022583704587205,0.05777951113172646,-0.005083276586833227,0.013180116267605768
-0.012150050393658369,0.00834504320397467,-0.01678692934691106,-0.013879041806576242,0.0033398569302460755,0.001313288079668976,0.004932690210161503,-0.010047347594397496,-0.00637516540670039,-0.007113502648527237,0.0045878888478402225,-0.005327063309744955,0.03841125407198778,-0.005178005111179971,-0.01870626521172129,-0.0012069401268934932,-0.000799606632420427,0.03376244611574554,0.0015805002853765406,0.04338450490875419,-0.00018337247464358909,0.0007816632119986537,-0.008536241662433228,-0.007151783301477007,-0.0013352004550930498,0.010588484453041816,0.0501052362856592,0.004184673354637869,0.007091905179190726
-0.0047336379562032726,0.011783653198779049,-0.002386440462038175,-0.022252038513895265,-0.007518359578297209,0.002470635790294952,0.016954035843175657,0.003558879654847655,-0.002597808622505861,0.0005615694127301481,-0.002754956912442574,0.0076864377950447045,0.03303316526436204,0.00474883168007856,-0.004444334454982285,0.003126337245655004,0.00709728939094585,0.0218170355712379,-0.0004340430709492521,0.04053786494660617,0.005454864136948581,0.005031114589980291,-0.023548023653298597,-0.00404118466458693,0.0032882415684499086,0.011033585570534965,0.046833321396528245,0.002765641148066588,-0.00861643449592467
0.006586284193691279,0.004029825675981808,0.0033939091464218777,-0.0033959066608026476,-0.01245745553351337,-0.002176609223829664,-0.0061502403635189315,0.010624305982731761,-0.016121144896616108,0.0037717485225936737,0.0007827965794472949,-0.01157149612612062,0.04184672943829214,-0.0030463491272774987,-0.0038978596876393453,0.006913884744408648,0.005228737812900595,0.025687947359203826,-0.0055793182804125055,0.053867186271604105,0.00854918377108622,-0.011305164913864777,-0.02416407094780972,-0.007196699832082676,0.009577022594294294,0.009747724482858955,0.06873878313935104,-0.0025075105102049687,3.986999987463121e-06
0.021990554602085936,-0.006814673207613215,-0.00656582455270175,-0.012684299733249516,0.006233129912237348,-0.0043698087330519934,0.0032534309311631334,0.005505257437361972,-0.005965732556766927,-0.009053853097175494,0.006262920862174911,-0.006315992415924746,0.037764107972982026,-0.009656303071960151,-0.0025334835458057517,-0.005659311635111043,0.0021086296063390375,0.035056446720643744,0.011622650895385948,0.04023790016063162,0.006030257239025786,0.004641515003398351,-0.006542432226785342,0.003003282894950061,-0.00908158804086127,0.007411667975153897,0.045423552204356996,-0.005363695001312984,-0.00412360066825939
0.004735372593924198,-0.002012090288940882,-0.0122362953965499,-0.005144706848067334,-0.015291368083220909,0.000564275167151437,0.010986939343388907,-0.0051961731346181666,-0.00910158953882778,0.014860892693461582,-0.006471805655786983,-0.0199843582994207,0.040736405166850134,0.00896666789416108,-0.003668146556249192,-0.0164321072334069,-0.0012378122886035879,0.03504495613999497,0.00293018900445121,0.04824007477666822,0.01718340774966508,-0.002598812275496089,0.013529358135827872,0.003943779221421071,0.004429670525370313,0.00413170665322893,0.04669054716084481,0.01263350755107953,-0.018833920194216102
-0.015728247807476215,-0.002422080104820145,-0.0033691758355633952,-0.008244333726270427,-0.006314006768785248,0.0012327057241483268,0.007039638114681512,0.018013727765297492,-0.01815465201507131,-0.00035581242306853214,0.00736102576923705,0.008752352727299828,0.04078997025052471,-0.005943923451905422,0.009453388548712954,0.0011203716865103158,-0.001032558838889011,0.03690597564401296,-0.0023469341479031213,0.041676226805059384,0.015167122534152519,-0.0004660487715631842,-0.009972004482436816,-0.006208436270166359,-0.0015996196008373205,-4.0296101171919605e-05,0.04654303177572116,0.00917318119675204,-0.014897078428555331
-0.010768592488398189,0.013834462344971642,-0.0037466677855521203,-0.019372107354092467,-0.0060337877138241045,0.0031290853604077295,0.015736608704901813,0.021277086615772822,-0.00393383514542577,0.0027330694260668973,-0.0025620623796223396,-0.018124942486603512,0.038951155923494206,-0.0027743397710982922,0.004746480655775675,0.002476068631514261,-0.007660472486643748,0.01770703843141235,0.0031873465403083083,0.04720489658000436,-0.010169158820805194,-0.0028937800360611873,-0.023748924214640147,-0.004226063730230162,0.009824633717984069,0.014013997413075805,0.04653763387481714,0.0010998037732466385,0.0011749843834837459
0.012527217370397302,0.008942563469625757,-0.012316406225199115,0.00045552018431722696,-0.0030549614577163307,-0.0034544562990543796,0.006640327183935018,0.008909683146623788,-0.013009302871606484,-0.010733590555929349,0.005740797802365,-0.010902800653323347,0.042003053575940724,-0.009764935024827906,-0.01217753698720868,-0.009063068801757316,0.0016469159097576033,0.03683764285418342,-0.00478639296995855,0.037792236775783215,0.0023497499910291927,-0.00018134567721965223,-0.02693924682967879,-0.004819115542434086,0.0028735357963143465,0.006205571121659861,0.048194329341001325,-0.008286015629390846,0.0032293961586589187
-0.006311901196456683,0.009705211655076242,-0.015341809031210765,-0.01852584874619113,0.004250972160150633,-0.007439162396083513,0.010397148676688995,0.00011057420611640273,-0.00618745468010084,-0.0007123629147629279,-0.004306578549289201,-0.00831687333353225,0.04591705534340244,0.013437766093362362,-0.007611966320963175,-0.003319545097662912,0.008908034135081082,0.03518846550750897,-0.0020509946968840912,0.04818208963287935,-0.0004851307028684859,0.005628109588177009,-0.01490187834524877,-0.010870141915042299,0.004046272477684519,0.014064391102922357,0.042874311130400744,0.01508315590348812,-0.006540547394037427
0.011170173178959988,0.013074034930892974,-0.008664368477540683,-0.010681737455803858,0.0009841812750025869,-0.01341676319807555,0.006648506187850543,-0.004999900824132331,-0.005237560941894329,-0.0023776257124652526,-0.006921417038049513,-0.0007353439531232095,0.030865896023087445,0.004778790679855315,-0.014229580467109305,0.003500475869658713,0.005523484184032837,0.029703423442585555,0.00221391513485678,0.04217114540513105,0.004970119451767505,0.00485304248270513,-0.02409525085855635,0.009612349687746404,0.0021183409608464747,0.01930255160249241,0.04285511778126372,0.001384413555121232,0.0019253752749487517
0.010323203041705104,0.0006387035528888804,0.0016293289263358509,-0.00029547371981750663,0.006519522201762286,0.009506928200208608,-0.003438762618459354,-0.011072247508178527,0.0039722733302962245,0.012145456924814037,-0.009360295295244906,0.009558112387224121,0.03395521541687473,0.003786354527565738,0.005547706391454577,-0.009365080539749285,-0.0059358123411583155,0.033837142340202755,-0.0070379167988990484,0.0334419049881851,0.008997014684939365,0.0024466605141470832,-0.0036259419735967615,0.0026022546788188688,0.003062891714032182,0.01288570887423729,0.04666499905240919,-0.009588136568002673,0.00743726239251756
-0.001340935325168878,0.008267324695494623,-0.0034915441190640174,-0.007986288083346992,0.00023122683566418223,-0.006073262151378368,0.006432464613431236,-0.0019980780645120445,-0.007599999983002718,-0.004325705537180074,-0.0013214407046554597,0.0036938161528189462,0.0376950204843647,0.005249134678486657,-0.0055386069047990046,0.002376650517833962,0.0010609935720051903,0.024148123682570192,-0.006183425581372315,0.03966324807161293,-0.0017923075680399488,-0.005037196334707455,0.004063876798228377,-0.011474822921975214,-0.00010934684731415953,0.010066558089717114,0.03615718544413206,-0.0033449597133946773,-0.005233266490450831
-0.0006413598651826514,0.002400462233587786,-0.012333846710713407,-0.013871003627379487,6.108141500122352e-05,0.005035967660359921,0.013849890820279626,0.0013185105618007849,-0.013860056576755663,-0.0082025505291633,-0.011957180516881731,-0.00427898445844984,0.031909005800995295,0.002758759776910456,-0.004637189711693383,-0.012664154528839329,0.002314534572511893,0.03864748929430098,-0.009144372500049248,0.03428031347738683,0.018515423662517336,0.015005436391023561,0.00525038492201765,0.0016326260469656452,0.0025826349009724,0.010944610494761814,0.048236728615455665,0.01607998362058992,0.004722221404674256
-0.005025918830333943,-0.006994083140101335,0.0002804346804010634,-0.012844406919054854,-0.006378816336321626,-0.0021981401663740455,0.014016844108481172,-5.222218915638413e-05,-0.004062293963887357,-0.008043459858107473,0.0012616546783521699,0.0038560403670131974,0.04410668848449379,-0.010235489833285512,-0.002065706116748816,0.0008721039280395734,0.00487598085837311,0.03321933822609321,-0.0003502014420131455,0.035199185642504405,0.00959642570737639,0.0019828151238180072,-0.013590767524621548,-0.01341328650537192,0.005117332198242359,0.013903491856180021,0.046480718424723434,0.00971427339611733,-0.0031266838324699973
-0.004734670375842417,0.013691297127994093,-0.021576341212082857,-0.004331194751785014,0.007229005501111031,0.006106173152530346,0.008100467382234036,0.0021329576697784636,0.003093219101009438,0.00047893544476686217,0.0073438085187331435,-0.00119404151404725,0.03085039098334694,0.0128621180863658,-0.001150543545523568,0.005006642683404175,0.0018665897238877688,0.0345268513906115,-0.001664119830897106,0.03432440104862049,0.01923594652174552,-0.010450428046911221,-0.0013978151977443746,0.01123076963227439,0.007041992341617822,0.004862966282878422,0.03384677843258716,0.0011457441956889448,0.004520670026967295
0.004825227911003259,0.006549917543826557,-0.015413353774671155,-0.014135509603240818,-0.002266477794963929,-0.003451033067195928,-0.0016471548960468897,-0.0018217368808685671,-0.00487698963037845,-0.0001797246406356882,-0.0015017698003223921,-0.000892847461784019,0.03459455365999249,0.005446383875888728,0.005933396199959807,0.009825127302510481,-0.025207167080461664,0.0276360542880746,0.007055963600852623,0.031950271511646706,0.024675572272143648,-0.013418593179524593,-0.005212736177084152,-0.0010377209161038525,0.0029756122294535186,-0.004846797297314582,0.040326759449998535,-0.004075761576707639,-0.0019733475337351206
0.0014586958971646215,0.003662203482490377,-0.0004172307091692134,-0.00249651468936268,-0.004728508598823791,0.000983923595406319,0.007914772457148517,0.00041721085924185627,-0.010986774490708073,0.010286703697693146,-0.007962727306882364,0.02063657843004552,0.0425777243852505,0.006367798651739178,-0.009620511448654591,-0.0032808767708115733,-0.0034284906732945128,0.04398169642743039,0.007082938309896152,0.0460272200160002,0.018108937919575817,0.0061453080136562145,-0.019861286505621835,-0.005121795054824663,0.01357657734507107,0.0056049960374714046,0.045941007592953886,0.004297708079350604,0.010664515059570416
-0.007374661816974028,-0.0001789787124300992,0.004839165966489435,-0.010028917359991113,0.0046728532997584865,-0.003201467808812288,0.010172698377478917,0.009923114062737565,-0.011534410610959797,0.004933753789614222,-0.0021590660632945626,-0.004395784808665484,0.03905272634658148,0.0051294511920218005,0.000759875016786817,-0.005146379937899691,0.0026953140256440857,0.03416128854318119,0.010327997839044041,0.03749953187545916,0.016441012063604647,-0.0020303524913405325,0.0004348283510713975,-0.008955651479051092,-0.005627089875187873,0.0031061820588000545,0.037107722252502744,0.007308762043368866,-0.003460816334702302
-0.007924245467529406,-0.005440886901723542,-0.00012200085276076283,-0.002040856009017771,0.005263617830012141,0.0008262697296677063,0.011201945210271184,0.0047675154110491825,-0.002701799425852271,0.0017050624030685386,0.007114868042591414,-0.006927354398656636,0.03761847535385472,0.008837169341239121,-0.00806466918182187,0.005355521312722116,-0.004598703847954432,0.0248018475449175,0.004398966063740866,0.04188662522437268,0.02531241833930826,-0.006239776204715314,-0.005287255118044344,0.005897772881725227,0.0006187723279087809,0.008103966398256454,0.04819523454526045,0.006494163000334565,0.007698647724660529
0.0076653955020492765,0.00603577825631804,0.007475763901332863,-0.006737157151319916,-0.008925706502166716,0.004316228668101585,0.006994957987138149,-0.010023463433807164,-0.007924632878298664,-0.0013199886849384027,0.002800725272944984,-0.0036518708206364882,0.03622505768150567,0.0011003133712924914,0.0005673236253196021,-0.0013952837029110022,-0.002403409703034992,0.037193118379175175,0.004546995884459682,0.039909028262952555,0.009879059972274912,0.005725599428832436,0.004890604760133923,0.006302776241309103,0.00040580408057654224,0.0074402819019073465,0.03420038688992743,-0.0028914478674293034,0.007560640237258297
-0.0027198653603187624,0.002471919621662799,-0.0059686837607995456,-0.009577736781064697,-0.0010045200452957624,-0.007966500091384495,0.012265961460319356,-0.010074310426591541,0.0008530064582307999,0.0027480251703675563,-0.0030867460704668225,0.00796140080250638,0.04803026948629983,-0.002401171789146165,0.00437246316626842,-0.0006881368128382075,0.008267841724257785,0.033074564055002094,-0.004416478531206133,0.04674453373655025,0.004394440379779547,0.018076566349221865,-0.02134494634418589,0.0005627073315358159,-0.0035377213122973327,-0.0049550950013908255,0.05949028744232957,-0.005280275718411604,-0.007883578624605774
0.00970893440254555,-0.0018969561610989844,-0.00854908721711157,0.002695061281050655,0.004268796293755564,-0.004744485651390886,0.013687637093466104,-0.0031166921502786397,-0.020864751560823264,-0.0015295616878202424,0.006107394071320754,0.006064175246913974,0.03532807582726677,-0.002629475971651312,0.0021504650116553935,-0.0029492343789669978,-0.0010976694250650918,0.03755375868620807,-0.0032784072889688372,0.03770755064799394,0.003910497678837946,-0.0059778956969724455,-0.011377062287993994,0.004572929154155861,-0.004984017706854213,0.016766433890321297,0.044191531826819536,0.011080573972557085,0.0013362749806424118
-0.004862817575982609,0.012137549078336415,-5.9828171767138724e-05,-0.0008274648724632663,-0.0008847582563310014,-0.0011411117545649554,0.002540821796972022,0.001482450341638331,-0.0062556902745571985,-0.0068958099143985345,-0.009688840866131304,-0.004760784379717459,0.05796536898172204,-0.007138612896849618,-0.008396322894966899,-0.012685732752491971,-0.0013498711380550814,0.031192729319725405,0.007863986421837485,0.054261819586823384,0.019555495985875738,0.0021464448700103974,-0.006146028363928406,-0.0037342081219640297,-0.0023703231425232884,0.010107848563253178,0.06201297079353022,0.002892454427362494,-0.007971109328826715
0.01294902362750538,0.008878922599957912,-0.010561097554098526,-0.017330464533907543,-0.00755068727835953,-0.0015009795629601105,0.01332918390154527,0.0027582381440159538,-0.005820449139598136,-0.0026312755070042318,-0.003738234296938492,0.005300091171709712,0.03675504100767446,0.005088272320820736,0.005716391354152295,0.0036559624978931104,0.0062703673681543184,0.039926848585594095,0.0014319656648755334,0.044876243972056785,0.007077380934123881,0.005162869192381115,-0.022085915311200785,0.004043972226347598,0.012803786107041018,0.006714787467851794,0.049660492849707395,-0.018402273273442772,0.008540048360234951
0.005660532640114843,0.008242506061386334,-0.00036237913636881513,-0.01871461860126518,-0.0026558217446128237,-0.004572293911603632,0.021558429781317202,-0.005000395710777052,-0.013422902563332208,0.009011598411223938,0.0025827274178297738,-0.002155307110770405,0.043537302676667104,0.0025818320582533965,0.004170133695206594,-0.003614402981674728,0.007585109751584034,0.04122674740512397,-0.003464888160578035,0.05290141535408431,0.01833640313844467,-0.005672019271176265,-0.008880236220771144,0.0012469013206971495,0.004737007209994509,0.012503950868761599,0.05783201046297702,0.013697558236660329,-0.005659730199476859
-0.004788425272515136,-0.0029243736381043862,0.001478400908229269,-0.005469680956751112,-0.004811639654645384,-0.00809580759347881,-0.0017411106418819644,-0.0009112725336231398,-0.00821194109748333,0.004290430049523318,0.0020315262290718987,-0.004246652158264605,0.04182167602594913,0.005376676356042197,-0.004616646824545719,-0.0024467274809180472,-0.003030814881542315,0.031474383786419965,0.0034626734366030292,0.04925843806713323,-0.009563256479544391,6.0057311656523164e-05,-0.03724704732547798,0.0016578902910062228,0.0049846695546388094,0.0016875335713330015,0.04817892326153494,-0.0023125015694633716,-0.003226169959627019
-0.009866947662000964,-0.004139167126659087,-0.012410801446281436,0.0077837687720430345,0.008562905159080793,0.010699910692907424,0.014953985324838678,-0.005415687133680266,-0.01584349251847064,0.005176191005486318,0.0031734511316213513,0.003542743201345223,0.05496986221381232,-0.0045932767437106186,-0.0017299348991865614,0.006883484910258642,-0.0061946773686191794,0.04283612468637709,0.005426537005078474,0.05524938619058779,-0.001627386931612573,-0.0012193676431578244,0.006516016441850231,-0.005248202785911831,-0.0008070582123217351,0.010049014186905217,0.049150105742685656,0.005726262390844835,0.0021350518059176774
-0.010099564063574096,0.000497678646344702,-0.005802321014881064,0.007266254640161577,0.00560835884424902,-0.0024349165720514657,-0.0038130097935473494,-0.01512043536461521,-0.014180932846353437,-0.0017341023599517125,-0.0015866318015506824,0.0006088605571069862,0.029663599941688597,-0.006708151431338489,-0.003917621149780739,0.00492368733808666,9.274028229636948e-05,0.037157352048084555,-0.007675784542844825,0.04062336131418081,0.00017926154215726567,0.008750578404785414,-0.020811109439422503,0.002275838090960053,0.0016995600848660735,0.010428845592826735,0.053950051914473496,0.018628674604923814,0.012091081674389222
-0.004949917193918915,0.004856778395917237,-0.010441544775415326,-0.005383392393146135,-0.00480277542498834,0.007420738578877311,0.002519710980033674,-0.00810439423209358,-0.010377434692316,0.0014376765347498307,-0.007334532231693924,-0.0062873999176833615,0.04225201325032944,0.0027141673321520337,0.003911143465070887,-0.00823046881117752,-0.00507865870574564,0.04398611474147587,-7.646120678635824e-05,0.04331754511995108,0.0073458879257989745,-0.00608236499346215,-0.017119506894559523,-0.003764164757513797,0.0017584210947587165,0.013246725628360493,0.05274002858378273,-0.00046056496607347393,0.005314666510414986
-0.00020883469224118096,-0.0006987059646890682,-0.0006684523223832615,-0.001626352481549361,-0.0009071321084306002,1.3986832912839593e-05,0.0008595727459551774,-1.8749300615312357e-05,-0.0022580373609824506,-3.95455200980483e-05,-0.0015518784872975107,0.00016937727254914,0.001602984391074054,0.0004353041730674491,-0.0002903853669320802,-0.00022682129052718758,0.0004802440820096154,0.001722709423552269,0.0004597692485558883,0.00174812963000955,-0.0009319162344756049,-0.00013828823581548086,-0.0020625424906810814,-0.00025823717383577973,-0.00011249135505046832,-0.0008059641830382132,0.0025685443624132893,0.000572138698354378,8.340650384782111e-05
-0.002195752741280051,0.015262641204487858,-0.01040189402842625,-0.012196489500505385,-0.000672863750935768,0.0015674972957157736,0.002728222499199097,0.0031830000276023554,-0.001097244602635443,0.007440087462435712,0.008316652605971931,-0.009409293907232913,0.050648626986915114,-0.005021873917080678,-0.011535843592565478,0.008618374885673855,0.003463784420177515,0.03465291145043332,-0.007901556141666348,0.038858339960954016,0.0051790009808256625,0.013187518129936852,-0.018047258828725845,0.007515438286005778,0.001689261665571788,0.012023349050889812,0.056100870510428925,-0.0028403562080615576,0.00921675463479947
-0.0023894875258834046,0.01246279003121874,-0.00211119340316445,-0.009473181771778139,-0.0031499668018842115,-0.002600997296506479,0.017170624225294986,-0.0031747601616909167,-0.010265967289365597,-0.008331894572841253,0.013557053713781266,-0.013297366412930329,0.04150503112904695,-0.008010051712198504,0.007707292293768664,-0.011346631231233511,0.006137559073423733,0.02727741968922496,-0.0014659479938650246,0.04042830170217917,0.018717619650674155,0.0003365169154183093,-0.006689624511803753,0.0036739013001689217,0.0089384013003954,0.004036414499814499,0.048678446311149016,-0.0055121200033494125,-0.006821079560385495
0.008701031474222196,0.007603776169218551,-0.0005827493355203995,-0.0006474624957216644,0.00021983761795139087,0.006959876902197218,0.01690615501790874,0.00045612472781661684,-0.019646845846491998,-0.006796751904182019,0.006046943656496798,0.007493787925579363,0.045660573095235774,0.0018516128821871368,-0.008661052578177238,0.0034836810511291996,-4.3355245032558684e-05,0.033109353147146005,-0.008461695556540425,0.05267096318884675,0.01933275347852476,0.0018828027952643254,-0.0033078324615198433,0.0024464630910290964,-0.0005908448070957217,0.005052089139295478,0.045159555801179474,0.007219181161507366,0.008964542998915422
-0.0024286636563983785,-0.0015329490831381461,-0.0016892597979013193,-0.010709233242928521,-0.008683456875624837,0.0019877749234088415,0.013792795588086586,0.006265447874764492,0.0019024100453947088,0.008029094477260948,-0.005507328039392326,0.007074524955986611,0.04286534646585202,-0.0005322059442674326,-0.019046351557045843,-0.0013412907043701295,0.0027318822659616448,0.032046505521874914,0.007774294366859141,0.04279758315998492,0.0054591820062092535,-0.001011494306900126,-0.02452158873913481,-0.0043553708331196496,0.012340771529925737,0.01652014580649861,0.04308632710132913,0.01605665220614794,0.0029834253525090142
0.00483394492283979,0.0030361125748066303,-0.014010889837966221,-0.0017258262313580807,-0.0007932784247159217,-0.002769239936494061,0.006740497342178869,0.004677068206585722,-0.011898299479556649,-0.004369480267571733,0.01643145280509584,-0.003777362110647429,0.03947527504398104,-0.004622807589219145,0.005411554779158393,0.007333600618573804,0.013959346129153607,0.036624426954483084,0.01168575162359449,0.042371349387614415,0.006607662839343233,0.0040102383671816195,0.01199498167934504,0.0058061079144904205,0.005331174965445401,0.008924557033869185,0.052215142080835754,0.001978202732968614,-0.006859348198578374
0.007321585937513315,0.001077040058371106,0.01000579952493659,0.0022806647912120615,-0.0025088177753305857,-0.01268181392876705,0.006850980155986454,0.0004080730768812358,-0.009455679546235073,0.005941446053216305,0.0032837619997218973,-0.0021039276833645696,0.04029872135274172,0.0003523494050074748,0.0012731439999750505,-0.00824776880125276,-0.004160019551422213,0.03252480906854555,0.001419120477346188,0.04122618595994945,0.008057109311533518,-0.006480295805073065,-0.009210566020887719,-0.007751112755749445,0.005502026349268023,0.0007129751041527176,0.03810533235567455,0.013903861583839624,0.007360834655992666
-0.008662187861922964,0.0031995835348698504,-0.004078139029301951,-0.02010031955179931,-0.0007438654085992437,-0.003665419135423889,0.007662991389954365,0.007854074301713187,-0.007946027284270555,-0.00032437116110297206,-0.00749628718650366,-0.011220661072241645,0.035946969951359396,0.006429879873679446,-0.0021447796378829295,0.0012198480500906406,0.0015998306164186464,0.026184442379256333,-0.0019186900933682728,0.04077367861050183,-0.00939729580649662,-0.00041223594978130807,-0.023493398349659574,-0.00490568818589811,0.000245895232173091,0.009008069926054336,0.04303735031601957,-0.013012869282397959,-0.005612705193172618
0.0032212661412714958,-0.006968861498603384,-0.00609710631374338,-0.009420409284475179,-0.005082364872975536,-0.0005278927548530711,0.002467204933626553,0.005379105310109488,-0.01100845713983026,-0.004164273783380281,0.002304253267402647,0.008976533284498461,0.047786000619684826,-0.0024769700667942795,-0.0015006595817634028,-0.004211739556295497,0.0033305002606343888,0.043381964375329034,-0.014317598060711452,0.04512240063320102,0.02199902909559073,-0.010025883234490116,-0.017292960978021903,0.009020886318979186,0.004717297836724461,0.0032006979780659075,0.044462928548777,0.009889053535064626,0.003028850215193722
-0.0040456794416853835,-0.0040765779894354525,-0.01070008557387355,-0.014374467125918802,-0.0022917716206928844,-0.00026976008890065975,0.013088159102818332,-0.005449890788706553,0.006807652892440558,0.0057756220096007605,-0.0016384530732722765,-0.01807951098737673,0.03839239760633449,-0.0022783996470772698,-0.0035388047039044946,-0.001658167676680198,0.00040687171583261064,0.036913951031206975,-0.008411755437048167,0.03293751969148877,0.0018895864221959047,0.0008868689314232731,-0.029553500753119008,-0.00023336279844911965,0.007828616350012724,0.007940871756808382,0.053997973291863496,-0.0104845110393763,-0.0005339278695654646
0.004001358304125811,0.008578829936120018,-0.016249181757093407,-0.006572710004192769,0.0029602292348249355,0.003290273444846145,0.010693892328826494,0.004152925326438233,-0.0038466773345496967,0.007719339219404408,0.006901715254728946,-0.009393356226847217,0.03924196947660833,-0.007362083228128956,-0.009658633105408942,0.008323368266342729,0.013861192728904669,0.02131053043338371,0.0012110666823633256,0.036874864418994645,-0.00019504733505162116,-0.006044961297352804,-0.0383135381540347,0.0007097723468339444,-0.0005158030250990031,0.0029621487649701124,0.053457872290005704,-0.012777712838500061,-0.000458725386047959
0.004547279961547057,0.00329435656209379,-0.00015486380718633905,-0.006364885483162464,-0.0077030481820857906,-0.005540346830469482,0.012205465687412365,-0.001967845620846335,-0.014790473842484834,0.006721732632445448,0.00022142381902368337,-0.001780603971242561,0.05557964967919124,0.012173753792182438,-0.0035777062486120844,-0.0036227538044761674,-0.004182180665106935,0.03542076373299154,-0.008270944251546904,0.05595729112009364,0.023535597446081087,0.008739738185680617,-0.011398641784400811,0.010522492084488277,0.00613140407191922,0.0003637577888783742,0.044018953079197336,0.004567782667674352,-0.000306973052529893
